Name_Scu;Name_FloTel;SP;YTH;CLADE;ECT_HOMOLOG;IDR
AtrDF1A;Atr_DFA;Atr;DF;A;ECT1/ECT2/ECT3/ECT4;MAAVVAPADQATELLQKLSLESQGKPKEVSEATKKPSSVQYGSVDARDITNVQIPSSDRSTTPVLQEFMDPNMCYLPNGYASSYYYGSYEVPISEWEDYPRYVHPDGVDMPPPGVYGDMYHPGYAYPSYSPYPPAGSPVPTMGPDGQLYGPQHFQYGAPYYQQPTQPSAPYNSNQAPTAHGEVSTSVAPDQGPIPLEGSNGNSNAIPNGTANGNNGTGAPRPSYSSAMPNSNGSYARGILTGGVTPGYQDPRFAFDGARSPGPWLDGPIFPEGQSRPATSNSVSSALSHINSMSTQRNQNLRPLPHLMGLHHPRPASGMAPTPAFMNRIYPNNRMYHHGSSVRTNGGFGSSGYDSRSNGRGWVAVDNKYKTRGRGNGSLYGNENMDVLNEQNRGPRAARFKNQRGLQANITLAVKGQNLLSNANNEDVSTIPNKDQYNRPDFVTKYSD
AtrDF1B;Atr_DFB;Atr;DF;B;ECT5/ECT9/ECT10;MAAAQQATDRITTNEPTESLNILALDDEGKSSKAEDAKEQPLSTKGEGLESSEAQLDATTVVPSRDGSGQPGSVDASGDSGSFYPPNVYAPQAYYIGGYDAHVGEWDEYPPYVNAEGMEVGSPGVYNENQSVVYHPSFGYNPQMPYGPYSPATTPLPSVRGDGQLYPPQQYSFAGPYYQQPVPPGLPYINSPTPLSQAELSSPSAIDQQQGGFLADASNTNAIPFGPRPNYPVPFGSFGRGSLGGNSGNPTYYNARQGYDGFGNGSWSDWSKAPDGHHRSLTGLASPTSSSQPMAALGSFGHSIAPLSPATRPLYGIGGTQSSYSRGYPQSRIYQSGSFGRSSPALGAIGRSWIAVEKSRRRGRGGGSLCNCNGTIDALTEQNRGPRMSRSKNPQGDQNSSADTKNGTSESNELYNRLDFNIEYKD
AtrDF1C;Atr_DFD;Atr;DF;D;ECT6/ECT7;MIQKLKVDTPNHADANATSAKDGSPSDATSCISSSGDATSSMKGSDIDQDSLAAEQGSYYPMNNYYGYYYPGYDGSFGEWDDQGYYLGGEGLELQYPGIQADNGSLMYYMPGYGFNQPGYNPYGPYMPGAVIGIDGQPLGQQLFYAGSMCPQPLSSPGYFPPPLPYGSEVLPVYPWDSPPLFGDGVTPTGFSGGPTAPSPKTNFSANPNPPVAPQSKSNQPAKLGTPLEKGVTAAIDAQSGQGNIVTQSLKHGNKGAQQNSAFQATAVLAKGYFPLPKFPAYSNNGKGGVLYPNSPMNFKQNGRNWASAERFKSRGKGNGFSDFDVLNEQNRGPRTKGISEKSESDGLTGAVKRDQYNLSDFLTKYDS
AtrDF2C;Atr_DFC1;Atr;DF;C1;ECT8;MFSFIDIFSDIEIKNRDSSGISCVKSPEQNVDGRSSDAYPARDATSSIKENGVDDKCFAENGMHYPATNGYGYDYRGYDGPNGYCSLAGYYLDGQESPYSVPSCGNDFNSSSFKKKFIRAAGNFSSHLPQGKGNFIPQEGPIYFRPNQGGWTRNERFNRIGALDELKRGLRSNRPKESPVLENPLIKRDLYNLLDFPTNYEA
AtrDF3C;Atr_DFC2;Atr;DF;C2;ECT11;MLRNAWTNLFGTGEEWMPLSQLGSCQSFSCAIPKVVPCLEIEIEQQSTPDCLCKSEVAGYMEMDNGSDSEYTETYQMPGEGARISSTPSAEEVQAMGNEAAPEFMMNQGIYYPATSFYGYYCTGFEAPGEWDDHSRFLGVDGQDHHYPDFQTEGSYVYYAPTYGYAQSAYNPYNPYIPGATVVGVDNLLIGSQPYYPGLVYPPASGYFPSILLPAQDALPATPPEVMPLVVDSVDVSRMTDEANRPRPTPASSMTKHSSETTGNGDSHTGSSHVSKISSQKRSEVLQMNVASAGQPSPQKVTSSTSSPAPAPGSQGMHSPVLVQAKDEYLHGKILPFSEPGNVTSSFKDEMVGLKSHGHGWVNVDKLKPRMHFIGNRGNGNGTSDALIEQNRGPRINRVGNQVTLVRSPANLAGTSHGQDSIVHNTDQYNRANFPVKYSD
AcDF1A;Ac_DFA;Ac;DF;A;ECT2/ECT4;MATVAPSSDPAADLLQKLSLESQTKTLEVPEATKKASTYKRGSVDAKETNGATQPSDRSATPILPEFADPNLCYPYNGYSSPAYFYGGYDGSISEWDDYSRYVNPDGAGVYGDNGSLMYGFGYSPYGPYSPAGSPVPTMGHDGQLYGPQQYQYPTFYQSPTPPNEAFNPTQAPTSQEMSTSVSADKPALSVEVPNGTAKGSVNTNSNGSMPLKPSQQTSSVNSNGSYGRAGVYPGGVPASGYQDYRYSFDGLKSPVPWLDVSAYNDGKHRPATSSAFSTVSHANNIQAGRNQNVRPHPNIMGMQSPRTPGLMPSHYLSRMYSNSRMYGQYGSSYRTGCGFGSNGYDSRNNGRTGWFSVDNKYKPKGRGNGSFGYGNENMDGLNELNRGPRSRGVKNQKTVTLAVKGQNISSGDSTETKDMSTVTPDREQYNREDFPVKYTD
AcDF1B;Ac_DFB;Ac;DF;B;ECT10;MAAAHQGGPDRIISSSSSSSTTAAAESTESLSMSALDTEKPSISDNSKDQPLSVNDEKAVLSNSSRNATSASLSRDVTSHWGSVGSGDHSAVYQPNPYSPQAQTFYYGGFENTTGEWGEYSQYVTSENMEIGSPGVYNDNPSLVFHTGYGYNPQMPYGPYSPVTTPLSSVRGDGQLYSAQQYPFSGPSYYQQLVPSNIPYANSSNPVSQTDPTVPVSIDQQGEGMLYGPRPGYSPQFGSFGRGSSFPGNSDGQRSLAPLSPAVSPQPVNMRGSFGRNVGMASQQQRPLYGLGYGSSSHTRRYPHNGIYQNSFDTASFSTLGTNDRWLTLDKVRRRARDSGPLCSCNGALDILSEQNRGPRASKPKNQGTTEHSSPVDLNNTPIVEARNQSFNRPDFATEYND
AcDF2C;Ac_DFC1;Ac;DF;C1;ECT8;MATKTRSEKPIEEALKNLKVDPSSKLSDANLDSSKDWSPSEATSCISSGDLTGSVKESELDHEYLVSDQGLYYPPGSYYGYYYPGYEGSVGEVDDQGYVLSNDGLEIQYPAMQGDNGSLVYYMPGYQPGYVPYNPYIPTGTIGIDGQYMSQQSYMLGSMSPQSISPGYYPNPLSYGSETMQSYIWDPSFQVGDVSQGNGYGAFPAVGTKPSVPSRTITPKSTPSKSSKYPEMKVPSALDVSSGPGILNELKPANKAAAVLSKSYFPLTKYQCSNQTKGGLLYPNNSANFKANIRGWGPEKLKTRGKANGVGDFDMLNEQNRGPRTNSTKNNVVSGVDPAVSLVTEGTDNKNSSTTVIRRDEYNLPDFSTKYDR
AcDF3C;Ac_DFC2;Ac;DF;C2;ECT11;MADERKLEELKQGLNIGLQSAYLDNLALKNKVSEKECSRLDADSSLSLLTKTTSHDRANGFHQELLGDSGFVGHNRIKSKFYDNGCFRARDESGTFYSGLHSNTDSLAQIISGYKPSATRSMFSVEGKPFGSNPNVSVAGPTASSNPRNSSSTRTSGVLDAKVSRALLNSKSFPSTFSSNFSELSLHSLNFKSSNKVPQLGSNYRSAVPYRDSYSARNYSSPSNQVQGLHSDGPSSYSANGRSSVGYDGYNLGEKSSRSSDVLRDATRGPRSRRLHTLFNKFDEKEHLGPRVRRDRYNRSDLRTIYDK
AcDF1C;Ac_DFD;Ac;DF;D;ECT6/ECT7;MESYSGSEHGTSEIYMIQGSESNPHLATTPSLGQLEVMGSEGSPEFIVDQGLYYPAANNYYGYYCTGFESTGEWDDNHRFFGLDNPNLQYAGLQTENLPYVYYTPSYGYAQSPYNPYNPYIPGAVIGVDGSFVGMQQYYTGSTYQNPASPAYYPYLVQPMAENIPSNAQEPHLLNAGVPNVNGTDGPGLKFNHQSASGGSGKVPLRASLGDNDKNFNQPHSSGKRSEVSKANSANNKQPATHTSTASVSVSRAASAPVAQGRNASGSVQPADQLTFGQVPSLPASAKVSLPVTNVSSDIGTNARGWPMVDRLRPRFHYGGVSNNGNGNPDFLSEQNRGPRTNRSRGQWTPSTNVGTTVTNGKITINPDQYNKDDFSVSYAN
AhDF1A;Ah_DFA1;Ah;DF;A1;ECT2/ECT4;MASVAPSSDQAAGLLQKLSLESQAPSQTKTTDLEPTKKPPTSQMGTVKSDSKDTSNGHTPANDRCVTPVLPDFMDPSLCYVPNSFQHPGYYFSGYDGTCNEWDDYSRYMNQDGVEMPPAVFGDGGSVMYHGYGYAPYPPYSPATSPVPAMPHDTQMFGPQQYQYPTPYYPPLASTSGMYTTNTPAVPHTGDVSSAPSVKTSFPIDPSSTIPNVNGNGTNVTVPVVPSYQNPTYSMPTYGKGGVTGSLPANGYQDPRFAFDGVRSPIPWVDGPIFSDGQPRPGTGNSFPSSVSHANVPPRTQSMCPQASVMSLHQPRPMAGMGTAHGYINRMYPNKLYGNYANGARTGFGFGTDGYDARVNGRAWFAVDSKFKNKGRGNGFLGYGNENMDGLNELNRGPRARGSKNTRSSTNVALAVKGQNILPSGNQDGNATLDLVPDREQYNSCDFPEKYES
AhDF2A;Ah_DFA2;Ah;DF;A2;ECT1/ECT3;MPDKQQFNKEDFAETYSDAKFFVIKSYSEDDVHKSIKYNVWASTPTGNQKLDAAYQEAKEKTDGCPVFLLFSVNASGQFVGLAEMVGPVDFNKNMDFWQQDKWTGCFPVKWHIVKDVPNSLLKHITLENNDNKPVTNSRDTQEVKLEQAVQVVKIFKSHLSKTSILDDFEFYEARQKALQEKKAKRLQYQKQVKNENSGDVVAAAAFTDASTAAPNSQSNPLQESVADVSQGEKNGGTGEGQQQRRQASTLGQTGGYMGRTHLNDQMYGHFGNNYRGGSGFGLNYYNPKSAWNAWRSFDNKYPKGRNNGFFGYGNENKDSLNELSKGPRGKDVKNQLGFGSVKLAVKGQDLTQKANSKDETPSPMPDKQQFNKEDFAETYSDAKFFVIKSYSEDDVHKSIKYNVWASTPTGNQKLDAAYQEAKEKTDGCPVKNENSGDVVAAAAFTDASTAAPNSQSNPLQESVADVSQGEKNGGTGEGLQQRRLSSEIGQNGHLGNNYRSGSAYGLNYYNPKSTWNAWQTVDNKYFSKGLNNGFFSYGNENKDSLNELSKGPRGKDMKNQLGFGSVKLAVKGQDLTQKANTKEETPSPMPDKQQFNKEDFAETYSN
AhDF1B;Ah_DFB1;Ah;DF;B;ECT10;MEVSSEGNKIVEADIIMNQPLSPKDERIVSVNPSPDAAITGPSRNAIEAPRSSEAAADNKAMHPPYSYGSLEQTYFYGGYDSGATSWSGYPQYASGAEGLHVVPPVIFGDNSSLGLHSPYGFNSPMTYGQYSPATTPVPQIIVDNQLFSPQQVPVSPQYYPQPAGSSMPHMSATIPASHADMVTHKGHISMNAPYNHGFYNFHGMYGSGEHLSSPSNSTDMGWRTLTSAAAYTQPVGTVGSFDPSVGQIAQQRSHPGYGLSEYVNGPYPYDGLFHGSSFSGIPNSQQGASLWNTPSFGKVRNQREQDSLFASSGDRNRGPRASKGKGKGATGNDLLPGTQNATENNLMTSSACGVNFASLNSEEFPTAYEN
AhDF2C;Ah_DFC1;Ah;DF;C1;ECT11;MQGLQTNHSSVAYYYPGYNPYATGTYIGADGHCVSQPYYTPVTYGAEALPCYAWDYNYHGDPLTESNAPSANVKSNPSPSTTVRSNGTKPSKVHAPMNKLSSVSLDSKSRPVATNASHPKFDTQPSKYLNKPGFYYPSPGYANVYQPAGNYHSVSFQERGMLGNTGPMKYRANARTWNRNEKSRSNRRSEFEMSPELTCGPRLKTQSNSDSSEKKILGVLKREYNSADFPTEYDA
AhDF3C;Ah_DFC2;Ah;DF;C2;ECT11;MHLVNLAASENWNTSDSTSYNQCAATTQESIIGEDVYNQPTSFYNYHYPGYNGSVGQSDDRDHSSMGALTNHCSIGYNMPGYYPYTSETYAAEDGHSVRQPYLAPVTYGAEAHPCYARDYNSSGSHTASENATSNPFPATKRSNGIKPSQLYGPMKKHSSVPSSSKSHPPVATPKFFQPRFDIQHSKPMSKSGSFYPSPGYANDYHPAGNNQSSSFQKRGIFGNTGPLGYKSNGKTWNENDKFSNRKSNLDSSEKERFGSAVQTDKYNLADFLTEYEA
AhDF1C;Ah_DFD1;Ah;DF;D;ECT6/ECT7;MSSQTPVSIYNCSGGSVGFDMYTIPDNGNTDTYVMPGTELNQRLPSPAFENFEMMASDGSAEYFVDPSMYYPSGSGYNYYYTGFESPSDMGDHHAVLALDGADMQYAGAQIENSPYVYYTPSYGFGDSPFNPYNPYIPGAMLGVDGSFVGTQPYYAVPPYPNPTSSSGYIPVLVQSTPDVAANGSRDTMPDVASSNINRTNGSNTKRSHSSSPATFSMNPSKAASSQTHASAGTSQSSKVSTGTSKRPLSGRTNGSIGSVHGASSHMPQGANSSGLMQATRDNSYGKLLSQANKVNYSFSMGNGLADYGASSNGQTVLHDPWSKIYFRRPYNDSNGNLDQLGEQNRGPRINKSKNQFVVKAYSTRAGDRNAEGNIVIYADQYNKDDFPVDYAN
ETC1 (AtDF1A);ECT1;Ath;DF;A;ECT1;MAGAASSDRLVTSFPLLDTADLFQDLSLGSDANEVPMNFTKGSFQHPYGHAPYGASSHGSERRPNMNAGNLLNGGDSIGSYPWGYIPANYPSGGYPDPRFGYDRNSNHSSFSHLMNPHSSQEVPSFDQLGYNDHLYSNHGLYGLYGNVIDSGHAYGTFGYDSWKLGRGWYPVDGYRKTRSFNHGRGYSDEKADRLNELCRGPRSSDFKNPQVLNSSMLDAMKQDVSAVDLQRYNGENFPESFVK
ECT2 (AtDF2A);ECT2;Ath;DF;A;ECT2;MATVAPPADQATDLLQKLSLDSPAKASEIPEPNKKTAVYQYGGVDVHGQVPSYDRSLTPMLPSDAADPSVCYVPNPYNPYQYYNVYGSGQEWTDYPAYTNPEGVDMNSGIYGENGTVVYPQGYGYAAYPYSPATSPAPQLGGEGQLYGAQQYQYPNYFPNSGPYASSVATPTQPDLSANKPAGVKTLPADSNNVASAAGITKGSNGSAPVKPTNQATLNTSSNLYGMGAPGGGLAAGYQDPRYAYEGYYAPVPWHDGSKYSDVQRPVSGSGVASSYSKSSTVPSSRNQNYRSNSHYTSVHQPSSVTGYGTAQGYYNRMYQNKLYGQYGSTGRSALGYGSSGYDSRTNGRGWAATDNKYRSWGRGNSYYYGNENNVDGLNELNRGPRAKGTKNQKGNLDDSLEVKEQTGESNVTEVGEADNTCVVPDREQYNKEDFPVDYAN
ECT3 (AtDF3A);ECT3;Ath;DF;A;ECT3;MANPDHVSDVLHNLSIDPTTKALAPDSETKLQGAYGGNGNDFLLNDELVEATKIGKPSLLSKDGGVTKDKGSNLKKLGYQSAAYNAKGSYGKGAYAYGYYPPAYQYPRHGYTGSYASGKTNLQYQYLTQQGRSAGNGQSYGGYMDNIYSNYGMCGPYTNGYGYGSYGYDSWKYMPNWYAVNNTYKPRNGYHGYGKENIEGLNEMNRGPRAKGFNSQDGSKVMAVSLKEQRVTETEKLSEDVSLLDPKDYNKIDFPETYTE
ECT4 (AtDF4A);ECT4;Ath;DF;A;ECT4;MSTVAPPADQAADVLKKLSLDSKSRTLEIPEPTKKTGVYQYGAMDSNGQVPSFDRSLSPMLPSDALDPSVFYVPNVYQQPYYYGYGSDYTGYTNSESVDMTSGAYGENASLVYPQGYGYAAFPYSPATSPAPQLGGDGQLYGAQQYQYPFPLTASSGPFASSVPASTQSKLSTNKAANSASAGIPKGMNGSAPVKPLNQSALYGNSALGGGLAAGYQDPRYSYDGFYTPVSWHDGSNFSDVQRSVSGSGVASSYSKANNNVPATRNQNSSSNSHYTSMYQPASMTGYAAQGYYDRVSPNKSYGQYGSTVRSGMGYGSSGYGSRTNERGWLNTDNKYRSRGRGNSYFYGNENIDGLNELNRGPRAKGTKATEEVSSEEVKKQTFDESNTEETVTCVLPDREECNRDDFPVEYKD
ECT5 (AtDF1B);ECT5;Ath;DF;B;ECT5;MATTQSHTSDLTSEEQPASLDIMKEQTVPANNETSASFKSSQEAPVVVHPAKVAPLTGPYGLAGDFAGHLPSSILSPQAQGFYYRGYENPTGEWDEYSSYVNVEGLDITSPVGFNENASLVYQTGYGYNPQMPYGPYSPAASPLPSEGQLYSPQQFPFSGASPYYQQVVPPSMQYITSPTQPELTSLVGVDQQGDNIGPRQSYHPHPIGPFNGNQPNLGFPEWQQGFDGGIWSDWSKPSDMHRHSSSISPALSPQPLGSYGSYGQNIPMGSQRQRSFYGFGSGSNSYNRGYMHSGGRGQGSNYGSRLISNVGMGNQGWIGVDNSRGRGRVSDPSLGGAYNGTFDILNEQNRGPRASKPKTQVLEELDSAADSKKNNKGSAKEHEESNNADFVTDYTN
ECT6 (AtDF1C);ECT6;Ath;DF;D;ECT6;MYTEGASDFVIDQSMYYPAYYSSGYDSSVGLQGGQNENAPYICYTPSYGYAQSPYNPYNPYIPGASIGVDSSFVGFQQYYSDPPYESAASSPTYVPYVIQPDMVSNSSTDSLVANGGQSDGRGSMQRNGSAIAGLPKDAPKSTTTGQYKQPGIPKNVSTTASAHSLQGKTAYANTLLPYGKSDIANGVSSIASYSYKPCSKIYDARGDNNTTGSTYTSEQNRGSRTRRSRNQLIVKAYTTKAGNADAEGNIVINPDRYNKEDFSIEYSD
ECT7 (AtDF2C);ECT7;Ath;DF;D;ECT7;MYTSEAAPDFVVDQGMYYPVDASYGYYCTGYESPGDWENHQMFFGVDGSEVQYTGGQNENSPYICYTPSYGYAQSPYNPFNPYIPGASIGVDSAFVAPQQFYSIPPYQSVATSPTFVPYAIQPEIVSNSSTNSLVETGSANRGRSDGRGSRQRSGTATAGLQRNDPKLPAGNSLGKISEKPRPNSGQSRQSEMDKSDSTSSSGQARQGRVTSVSAQPVDVVSSSRVSSFRQLDIAPPQLNDFSKIATNNNNIRPKLYGGHANIIPDTVREQNRGRRSRALGNQLIVKAYTTKAGNADAEGNIVINPSQYNKEDLRIDYSNAKFFVIKSYSEDDVHKSIKYNVWSSTLHGNKKLQSAYEDAQRIATEKSCECPIFLFFSVNASGLFCGMAEMTGPVSFDKDMDFWQQDKWSGSFPVKWHIIKDVPNSYFRHIILQNNENKPVTNSRDTQEIMLKQGLEVLKIFKDHMERTSLLDDFVYYESRQRVMQDERTRLPYRTFLNDLPLPRPDLSDRNKKTPLESFKKPSVISAKTEELPSKSEGNEETTVKEGNEEDTSSTQKKISSLTIDPSGTDSNPTTVSHLNQKSQAKSKPNSSGSLKKTDPSEVVDASLSDKNDSFKVTGSPAILTVGTIPLDPKSLQK
ECT8 (AtDF3C);ECT8;Ath;DF;C;ECT8;MTSHVPKHPRKSFEDMVKNLKVDPLAKVTASTTSMVSAKENKNQSEAEPSYYETLETYQGLPCPYGGYYGYYYPGLDGSVGEAKDNGYYGYGTEVQYPVMQGENGSVIYLMPGFQSYDASQTYMPINPVGVSSQALHSPMYAAQGYYQNQFGYADVSSPTYLWDPVGDRYVYGVASYTPPLKQNISSSSHNHNNYYSKSKNSFTGHGMGDRPKTPRKASQNSYAPPPLLNQEKGRIAYPMDPVKKKSGALNRDETEKAKARTKENGTSMNDLANGQDHITNGECESCSLDAEGNERSNGVGSVIRRDQYNLPSFQTKYEE
ECT9 (AtDF2B);ECT9;Ath;DF;B;ECT9;MAASYRSTDWFPPTTTTGSFTGLNTDQSVLQDQDIVSSRPFCGQGTESFHIGADTPRSNHSHSDVPSFDKVSPGMINEMFYHSNGVPSDFQRSSLSTRNQSSLQHYGDLYADDSRYFVPFHLSNQQYPTPEDIHLSPEFHMFQANSRHFDRHVNERNSSEIDNMMRARGNSVLRDNIYGEPRGMNLNPFSGENMFPPLASTRPCMRHLGSAELLANDFNMGPAHGGLHDAFESAANLSYREQAYAQCKRSPFSASSSSPTWENDYNLPPLDEARSESYNDFSHCPAMLDMLTESNRGPRASRLNSKSKMISYDRVDRFCQQELLSQFRD
ECT10 (AtDF3B);ECT10;Ath;DF;B;ECT10;MDPASSSSSNQRNRIVSSGERPVMADNGVQQQVSHDDGRNIVSSSYSSSVVPSPDPAPYYNVLQTPTNLYHYDWDIANSGYAQGINTWDGYPRYATTTPEAMHVPPVVYNDNSSLMYQYPGYGFNPYPSVMLEGQIPVSPAYYPQPFGAPSAMHYLPSDIDPTSAAYMIPYGQYGGGNYSGNQGDISLTSHIPYPQTMGILGPYDHNASQVALHGSGVASSSSLGGYYHVGSYQNPSSTPSYYGVDNRVRLTPDIGKRREKDQGSISSTSDLYGNRGPRASSRVKSKNSSKPCSTIGDSASDSSTAGPNPSLYNHPEFVTDYKN
ECT11 (AtDF4C);ECT11;Ath;DF;C;ECT11;MATEKNTLDSEATFAQTVPALDSTTKKQDESPPKSTPSLTVTACANGSDVVSSQPNDNGQAHTTDFRKGNHRDKNSSDVYADSTLRGDRPKGSNCLSQTSFSAPKPLGNFNGAGRLPPNTQAHAFRPPFKGKEAAGQFLTFSNQKTSCVPYSGYINGNSNNGFWDQRDHNKKPERNGESDYLVELKCGPRANAKTRPPSESSPLKQNNSFALALRREMYNLPDFQTDYED
BoDF1A;Bo_DFA1;Bo;DF;A1;ECT2;MATVASSPADQSADMLQNLSLDSQAKAASEIPEPKKTAVYQYGGVDLNGQVPSFDRSLSPLLPSDAVDPSVCYVPNAYQQPFYYGYGNGDWSEYTGYQTPEGVDMNSGYGYAAYPYSPATSPAPQVGGDGQLYGAQQYQYPTFFPTGPVSVATPTQGDLAANKAGGLKPAESKNVASAAGMIKGSNGSAAGKPNNQTAFNTSSTLYGNGAYAGGYAAGYQDARFNYDGYYGTGYSDVQRPVASSYSKANSVRNQNYRSNSNYTGVHQPASMTGYGTHGYYSKMNQSKLYGNYGSSGRSGMGFSSSGYDSRTNGRGWVSATDNRYRGFGRGNSFFYGNENNADGLNELNRGPRAKGAKNQKESSEDSLEVKEQTSESNVAEAVETENTCIVPDREQYNKEDFPVDYAD
BoDF2A;Bo_DFA2;Bo;DF;A2;ECT2;MLQNLTLDSQTKASEIPEPNKKTAVYQYGGVDSHGQVPTYDRSLTPLLPTDAVDPSVCYVPNAYPHFYYGGYGNGDWSEYTGYQNPEGVDMSSGIYGENGSIVYPQSYGYAAYPYSPATSPGPQVGGDGQLYAAQQQYQYPAFFPTGAFATPTQGDLSANKAGGVKTAETKNVASAAGKGSNGTVTGKPNNQTTHNTASNLYGTGAPGGGFAGGYGYDGFYAPVPCYDGSKYSDVQRSGSGVASSYSKSTTVPSSRNQNYRSNSHYTPASMTGYGTGQGYYNRVYQNKVYGSYGSSGRSGTVYGSSGYDSRTNGRGWVSTTDNRYRNWGRGNNSFYGNENNADGLNELNRGPRAKGAKNQKENSEDSLEVKEQTGESNVVEAVETENTCIVPDREQYNKEDFPVDYEN
BoDF3A;Bo_DFA3;Bo;DF;A3;ECT2;MLQKLTLDSQPKGSEIPEPKKAAVYQYGGVDVHGQVPSYDRSLTPLLPSDAADPSVCYVPNAYQQPFYYGYGASGQDWSEFTGYNPNLEGVDMSAGVYGENGSLVYPGYGYAAYPYSPATSPAPQVGGDGQLYGAQQYQYPAFFPTGPVATPAQGDVTANKAGGAKTLPAESKNVASAAGIAKGAAGKPNSQTTLNTSSNFYGSGGPESGFAAGYQDPGYSYDAYYGNVSSYDAPKYSDVQRPAAGSGVASSYSKATSVPSSRNQNYRSNSHYTGVHQAASMAGYGTTQGLYNRIYPNKLYGNNYGSSGRYGSSGYDSRTNGRGWVNTTDNRYRSWGRVNGCFYGNENNGDGLNELNRGPRAKGTKNQKDNSEDSLEVKEQTGASDVAETVETENTCIVPDREQYNKEDFPVDYEN
BoDF4A;Bo_DFA4;Bo;DF;A4;ECT3;MATSISPSDQAADLLQNLSIDQETMAKVTDNTGNNKQDVYGGNSNNGFSTKKKLGYNNYSAQKGSYGSYYYPQAYQYPRYGYDMTYASGKTTNNTPYLGRSGMDSMYSMYGPYSYMSGYGYDTYGYGTYKYTPNWYAFNNGYKTKGYGLYGKENAEWLNELNRGPRAKGFKTGQPETVKAAPPEDVSLPDSKEYNKEDFSDSYYSN
BoDF5A;Bo_DFA5;Bo;DF;A5;ECT2/ECT4;MLRRVTGSGVAYSSVPSSSNYPSNPYYPGVRQPSSFTAQGYYQDNLYGSTTTDNAFSMEMRTGRDVLLAVGVRQPSSFTAYGPTQGLDIIRRGAREEDTENQKSNVTEAVAPDREQYNKEDFPVDYAN
BoDF1B;Bo_DFB1;Bo;DF;B1;ECT5;MATTPSHATDLIPSEEQPANLDIMKEQPVPANNESSQESAVVVHPAKVAPLSGPYGITGDLAGHLPSSILSPQAQGFYYTGYENPTGEWDDYSSYVNVEGLDITSPVGFNENASLVYQTGYGYNPQMPYGPYSPAASPLPSEGQLYSPYYQQVVPPSMQYISSPTQPELTSLVGVDQQGDNMGGPRPSYHPHPIGPFNGNQPNLGFPEWQQGFDGGIWSDWSKPSDMHRHSSHVSPALSPQPLGSFGSYGHNIPMGSQRQRSFYGYGSGSNSYNRGYMHSGGHGQGSNYGSRLISNVGMGNQGWIGVDNIRGRGRVNDPSSLGGGYNGNFDILNEQNRGPRASKPKTQVSSEELDSSADTKKHNKGSTKEHEDSNNNSNDFVTDYND
BoDF2B;Bo_DFB2;Bo;DF;B2;ECT5;MATTPPSHATDLLITSEEQPANLDIMKDQSVAANNETSASFNKSSQEPAVVVHPAKVSPLSAPYGLSGDFAGHLPSSILSPQAQGFYYRGYETPTGEWDEYSSYVNVEGLDINSPVGFNENASLVYQTGYGYNPQMPYGPYSPAATPLPSEAQLYSPQQFPFSGASPYYQQVVPPSMQYLSSPTQPELTSLVAVDQQGDNIARPSYQPHPIGPFNGSQQNLGFPEWQQGFDGGIWSDWSKPSDMHRHSSSFSPALSPQPLGSFGSYGHNIPMGSQRQRPFYGRGQGSNYGSRLNSYVGMGNQSWIGVDNTRGRGRVSDPYLGGGYNGNYDILNEQNRGPRALKPKTHVSEELDSSADSKKNNKDSPKEEANNNNNPEFVTDYSD
BoDF3B;Bo_DFB3;Bo;DF;B3;ECT9;MAASNRSTNCSPSTGPINMVERLSTDKTVLQHQDTNSSSSRPLCGTTGNAAFSASSSGFHTDSSHIGGYENAADAPRSYHPHTDILSFEQVYPGMRYDNMFYHGNGVPSDSPRKRSLPQHYGDLYADDANYFAPFRSSNQQYPLPEPLHASPEFHISQTNSTHPYRHGNEINSFETDYMMRSTRNFGLRDNIFGKPKGLNLNPFTGRRTFLPMASATRSMKHPVSADLSANDFDMGSPHRTLHDDFGSSASLSYREQAYNQCRRASFSASSSSSPSSTWELDYNLSPLDESRSGSCSDFHHRPAMSDSDLLTERNRGLRASRPNAKSKMITYDQQDLLSKFRD
BoDF4B;Bo_DFB4;Bo;DF;B4;ECT10;MADNVGGEHHQVLLPFSILISHLRSNPFHQQVSPGDERIVSSSSSSVAPPDPYSYYNVLQSPTNLYHPPYDWDAVHSGYTQGFNSWDGYPQYAATTPEGLHVPQVVYDGNSSFMYHQPGFTFNPYPPSMMMEGQVPFSPAYYPQYGAPSPMHFTQSEIGADNSRYDPTSAYMVPFAGYGGSSLSGNQGGNALASPIPYPQTMGILGPYDHNASQLPVHGSGVASSSSVGGYYHVGSYQTPNAVGSYYGADNSVRSAPDIGKRREYSSVPTTNDLYGNRGPRASSRVESKNSSRLSSSAGNSANGSSTAGPNPSLYNSPEFVTDYKN
BoDF5B;Bo_DFB5;Bo;DF;B5;ECT10;MADPASSRNQRNRIVSYGVKGFVEQQISPGDELIVSSSSTSVTHPPDPSLYHQNPTNLYPYGCNVAHSGYAQGINTWDGYPLYATSPEGLHIPQVVYSEDSSLMYQPGFAYNPYPSMMLESQIPISPAYYPQFGMHFSHSEFGGGSDPTSAYMIPFGGYGGGNLSGNQGDNSLTYPQAMGILGPYDHNASQLPLHGNGVASSSSLGGYYPVGSYQSPSSIASYYGADNPVRLASDIGKRREKEYSSVPTTSDLYGNRGPRSFTRVKSKNGSGLSSSAGDATNDSSTAGSNPSLYNHPEFATDYKN
;Bo_DFC1;Bo;DF;C1;ECT8;MTSHVPKPPREPTEDMVKNLKVDPLAKVAASSTSMKNQSEPYYETLETYQGLPCPYGGYYGFYYPSVDGSLGEAKDNGYYGYGTDVQYPVMQGENGSLIYMMPGFQSYDVSPTYMPISPAGVSSQALNSPMYAAQGYYQNQYGYGNVSSPTYLWDPVGDNYVYGVASNNQSMKQNISSSSSHNYSNYYSKSKTSFTGHGMGGRPKTPQKSSYAPLPPHNQERGGPLKKKYGASNRDETEKLKARNKENGSSMSENVQEDGECESCLLDGEGKGRSNGVGSVIKRDQYNLPSFQSKYEE
;Bo_DFC2;Bo;DF;C2;ECT8;MVTNLKVDPLAKVVSASTTSMKSRQSEPYYGTLETYQGLPCPYGGYYGLYYSSLDGSVGEAKDNGYYSYGTEAQYPVMQGENGSLVYMMPGFQYYDVSSTYMPISPACVSSQALHSPMYAAQGYYQNQYGYGDVSSPTYLWEDKYVYGVATSAKPLKQNISSSSSYNPSNYYSKTKTSFTSHGMGARPKKSGALNRDETEKAKARNKDNVNSTEGECESCVGSVIKRDQYNLPSFETKYEE
BoDF2C;Bo_DFC3;Bo;DF;C3;ECT11;MSSTNPPGNLNVYGQLPSFTQSHAFRPTFKVPSRIYIFCMFCPENLRLKALFFLPCQGKQAAGQFTKHANQKTSSVPYYGNGNTNSGFRDQRDEHRKPERNGESDSLVEMKCGPRTSAKTHPPSDSSSSLKQNSSFVLDLRREMFNLPDFQTDYED
BoDF1C;Bo_DFD;Bo;DF;D;ECT7;MYTSEGAQAPDFVADQGIYYPVDPNYAYYCTGYESPGEWENHQMFFGADGSQLQYQGGQNENSPYIYYTPSYGYAQSPYNPFNPYIPGADSPFVASQQFYPLPPYPTLASSSYAAHPDIVSSSSANSLVETGSAANRGRSDGRGSRNRNASAADGIQRNPPTVSRSSEKPRPNTGGQNRPLSTEKRVSTPFPALQGKAISVSTHPVDVVSSSRVSSSGQLDIAPPPERNGLSSTATNNNNPRPKLYGVHANISSRSKGPRSQLVVKAYTTKAGNADAEGNIVIDPNLYNKEDLRIDYTN
CrDF2A;Cr_DFA1;Cr;DF;A1;ECT1;MSGAASSDRLVSSFPLLETADLFQDLSLGSDANEVPRNRNKGSFQHQYGHIPYGASSYGSERRPNMNVGNQLNGGDSIGSYPWGYFPSNYPSGGYPDPRFGYDRSSNHSSFSHLMNPHNSHEAPSFDQFGYNDPLYSNHGLYGLYGNVIDSGHAYGTFGYDSWKLGRGWYPVDGYRKTRSFNHGRGYSDEKADRLNELCRGPRSSDFKNPQVLNTAMLEAMKQDVSAVDLQRYNGESFPETFVK
CrDF1A;Cr_DFA2;Cr;DF;A2;ECT2;MATVAPPADQAADLLQKLSLDSQAKASEIPEPNKKTAVYQYGGVDAHGQVPSYDRSLTPLLPSDAADPSVCYLPNPYTPYYYNVSAYGSGQEWTDYAAYTNSEGVDMNSGIYGENGTVVYPPGYTYATYPYSPATSPAPQVGGDGQLYGAQQYQYPAYFPNSGPFASSVATPTQGDLSANKAAGVKTLPADSTNVASATGITKGSNGSAPVKPTNQTALNTSSNLYGMGAPGGGFATGYQQDPRFNYDAYYAPVPWHDGSKYSDVQRPVSGSGIASSYSKSSTVPSSRNQNYRSNSHYASVHQHASVTGYGTSQAYYNRMYSNKVYGQYGSTGRSGMGYGSSGYDSRTNGRGWVTTDNKYRSWGRGNSYFYGNENNVDGLNELNRGPRAKGTKNQKGNLEDSLEVKEQTGEPNVTEIGEADSTCVVPDREQYNKEDFPVDYGN
CrDF3A;Cr_DFA3;Cr;DF;A3;ECT3;MAANCDLASDVLHNLSLDPKIKALAPDSDNKLQGAYGGNGNDYLLNEELVEATKNGKPGLLSKDGGLAKDKGSNPKKLGYQNSAFNAKGSYAKGAYSYGYYSPAYQYPRYGYSGSYAAGKANLQYQYLHGRSASAGQSYGYMDNIYSNYAMCGPYSNGYGYGSYGYDAWKHMPNWYAVNNSYKTRNGFQGYGKENIEGLNELNRGPRAKGFNSQEGSKVMTVSTKEQIVTEIEKLCEDGSLLELKDYNKKDFPETYSE
CrDF1B;Cr_DFB1;Cr;DF;B1;ECT5;MATTQSHTSDLTSEEQPASLDIMKEQTVPANNETSASFKSSQEAAAVVHPAKVAPLTGPYGIAGDFAGHLPSSILSPQAQGFYYRGYENPAGEWDDYSSYVNVEGLDITSPVGFNENASLVYQTGYGYNPQMPYGPYSPAASPLPSEGQLYSPQQFPFSGASPYYQQVVPPSMQYISSPTQPELTGLVGVDQQGDNIGPRPSYHPHPIGPFNGNQPNLGFPEWQQGFDGGIWSDWSKPSDMHRHSSSISPALSPQPLGSFGSYGQNIPMGSQRQRSFYGFGSGSNSYNKGYMHSGGRGQGSNYGTRLISNVGMGNQGWIGVDNTRGRGRVSDPSLGGGYNGTFDILNEQNRGPRASKPKTQVSEELDSVADSKKNNKGSATEHEESNNSSDFITDYDN
CrDF2B;Cr_DFB2;Cr;DF;B2;ECT10;MDPASSSSSSSSTNQRNRIVSSSGGRPVMADNGLSQVSHDNGRNIVSSSSVTPPAPAPYFNVLQTPTNVYHYDWDVANTGYAQNMNSWDGYPRYAATTPEGLHVPQIVYNDNSSLMYHPGYGFNPYPSIMLEGQIPVSPAFYPPFAAPSAMQYTPSDIDPTSAYMIPFGQYAGGNFTGNQGDNSLASPIPYPQTMGILGPYDHNASQVPLHGTGVASSSSMGGYYHVGSYQNPSSIASYYGADNRGRLTSDIGKRREKEQGTASTTNDLYGNRGPRASSRVKSKNSSKPCSTPGDSTSDSSTAGPNPSLYNHPEFVTDYKN
CrDF3B;Cr_DFB3;Cr;DF;B3;ECT9;MMAASYPSTDWFPPPSRSVNGLNMLEMDMVERLNSDKSVFQDQILQDTISNLPFCGNAFPASSSGFNTEPFHIGGYENAADIPRSYHSQTDVPSFENVSPDMINEMFYHGDDGVPSNFQRSSHSTRNQSSLQHYGDLYCDDSRYFLPFDSSNRQYPVPEHIRNSPEFHMFQANSRHFDRHANETNSSETDCMIRSRGNFDLRNNRFGEPWGLNLNPFGGENMFPPMPSTRTRMKHHGSVELSANAFNMVPPHEVMHDAFESAASLSYREQAYTPCKRSPFSASSSSPTWEIDYNLPPLDEARSGSYGDCYYPAMLDMPTERHRGPRPSRLNGKSNITYGLVDSFCQQDLLSQFRD
CrDF2C;Cr_DFC1;Cr;DF;C1;ECT8;MFQNILVNVSDMVKNLRVDPLAKVSASTTSMVSAKEKRNQSEPYYETLETYQGLPCPYGGYYGFYYPGLDGSVGEAKDNGYYGYGTDVQYPVMQGENGSLIYMMPGFQSYDASQTYMPISPVGVSSQALHSPMYAAQGYYQNQFGYGDVSSPTYLWDPVGDKYVYGVASNTHQPLKQNISSSSHNHNNYYSRSKNPFPGHTMGDRPKTPRKALQNSYAPPPLHNQEKGGFAYPMDPVKKKSGSLNRDETDKAKARNRENGNSTSNLSSGHDHITDGECESCSLDAQGNERSKGVGSVIVRDQYNLPSFQTKYEE
CrDF4C;Cr_DFC2;Cr;DF;C2;ECT11;MATEKNTLDSEPTCAETIPDPDSTTKKQAESPPTDKANRTATVSSTPSVTVTACANGSDVVSSQPNDNGQAHATDVLKGSHRDKNSSYAYSDPTLRGDRVKRSNCWSQTSFSTPTPPGNFNGVGILPPNTQSQAFRPQFKGKEAAGHFITFSNRKTSSVPYCGYTNGNSNNGFWDQRDHYRKPERKEESDYLVELKCGPRANAKTRPPSESSSLKQKDSFSLTIRRDMYNLPDFQTDYED
CrDF3C;Cr_DFD1;Cr;DF;D1;ECT6;MYTEGGPNFVIDQSMYYPAYYCSGYDSSIDWENCQVGVDGSEVQYMGGQNENSPYICYTPSYGYAQSPYNPYNPYIPGASIGVDSSFVGFQQYYSNAPYENAASSPTYVPYVIQPDTVSNSSADSLVATDLANGGQYDVRGSRQRNGSAIAGFPKDSPKSSTMNSLGRTYEKLSSSPGQNKQPGISKNVSTPATTQSCQDKTASVDIVSSSRLLPRGQLDSANGFSSVASNSYKSRSKMYDGGGDNDLTRSPDTTEQYRGPRTRRSRNQLVVKAYTTKAGNVDAEGNIVINPDQYNKEDIRIDYSK
CrDF1C;Cr_DFD2;Cr;DF;D2;ECT7;MYTSEGAPIADQSMYYPVDATYGYYCTGYESPGDWENHQMFFGVDGSEVQYTGGQNENSPYICYSPSYGYAQSPYNPYNPYIPGATIGVDSSFVGPQQFYSFPPYQSVATSTTFVPYAIQPDIISNSSTNSLVETGSADWGRSDGRGSRHRNGTSTGGLQRNAPKLSAVNSLGKISDKPRPNSGQSKQPEMDKSDTTPSSGQAPQGRSTSVSVQPADVVSSSRVSSFGQLDSASKNATNNYNLRPKLYGGHANIIPDRVGEQNRGRRSRGLGNQLVVKAYTTKAGNADADGNIVINPSQYNKEDLRIEFSN
CsiDF2A;Csi_DFA1;Csi;DF;A1;ECT1/ECT3;MADKVSLSVESNKDNPMANGPGVSGNGRSKPQRPNYQYPYLDPNSSHGRGGLSTVVPSPSYQDPGYSFDGIHSPITWLDTSIFGGGQSKHNANAGYTSPISHSNNFPSGRNQNHRPHLANFHHTRPTSDAFGYMSQMYANNPMYGHYGNTFRAGPGYGSFGYDSWISGRGWYPVDSKYKPRGRGYGASGSGKENVDGLNELNKGPRAKGFKNQEGFDPATVAAKGQNLKSSESTPEDNLPLIPDKEKYSGEDFPESYSD
CsiDF1A;Csi_DFA2;Csi;DF;A2;ECT2/ECT4;MATTVAPAVEKASDLLQKLSLDSQTKSLEISEHTKKPSANQYGSVDSVNAAANGQIPSERSGTPFLNDFMDPNMCYVPNGYPSTAFYYGGYDGNVGEWDDYTRYVSQDGVDMTSGVYGDNGSLMYHHGYGYAPYPPYSPATSPVPTMGTDGQLYGPQHYQYPHYFQPITPTSSPYSPSPVAPTPGDIPTSVAADQKPLPVESTNGKSNGVANAGGVKGNNGSAPFKPTYQPFNSNNTYGRGSLPGRGPASGYQDPRCNLDGMRSPIPWLDGPVISDARPVASNTFNSSISNVNNVASSRNQNYRPNSHYMGLHHPRPMSGMGAAQGFMNMNRMYPNKLYGQYGNTFRSGVGFGSNGYDLRTNGRGWLSVDGKYKSRGRGNGYFGYGNENMDGLNELNRGPRAKGAKNQKGSAPNALPVKEQNVLTNGTAEDENDKISLSPDRDEYNKADFPEEYTD
CsiDF1B;Csi_DFB1;Csi;DF;B1;ECT5;MAATQSQQAPDRTTDSTKSLSILIMDAEDQPADTDKMKEQPLSATNESSVSPNSSQGALTVGHTRETAVQSGSFGPVGDHSVYSSNIFAPQAQAFYYRGYDNVPGEWDEYPSYVNAEGLELGSSGVYNDNPSLVYHTGYGYSPQMPYGPYSPVTTPSVGGDAHLYSPQQFPFSGPPYYQQMVPPSLPYITSPTPVSQPELNTLMGAEQQNDNMLFGPRSGYPPALGSFGRGGMHGNPGMIGFHDGQQGFDGLRSGGLWSDWSKPSDRQRPLTPISPAVSPQPIGTFGSFGQNVPVASQQQRSFYGFGSGSNSYNRGYMHNAFSQGSNFGGTPISNLAINNRGWISLDSSKRRVRGSGSLCGCNGTLDILNEQNRGPRALKPKSQMTDEHGSSVDQNKESKSVVKILDESYNQPDFVTDYKD
CsiDF2B;Csi_DFB2;Csi;DF;B2;ECT10;MATPLPDHDRIVPTGERPVKPDNSTEQLLSPKDERIVSANPSPDAAIIGPAKDVTEQPESADSRDYSSVHQLNTYNSHDPNMSYGYGNNTTWDGYSQYINADGLHVSPVIYNDNTSLMFHSGYGFNPEMAYGQYSPIATPLPSIMVEGQLYSPQQIPFSPSYYPQHGPPNVPSALPVSPSEMMTAESSGDNLLFGPSSGYFVHFGSYGVNVSGNPASSPLTSPAAYPQPMGILGSYEQNIGQISQQQRSFNTFGLASSSSTGNYPHGAVYQSSYFGSNDRVRLAADKGRRRERDQDSICISNESPAIDRNRGPRASKIKGKSSEQNLSSGSSKNNSSGSGINFELYNQFDFPTDYEN
CsiDF3B;Csi_DFB3;Csi;DF;B3;ECT9;MAQPTSDRFKFADTAEALNLLMLDTEEKTNNPSMLNAQDQVIIDPRRDNVDQPGSLNAVGYHHSGCLSNAYFSQAQSVYNGGGYDNATSKGVTCLPYANAESLENGSHGIQDESPSVAFHGYGYNPQMLHRPYITTQLPSVRGHGHLYHAQQFSASDPSCFQQPISPKKPCILSSTSVSQGKLPAHIDLQGDSKRFGLKPNYAPSLGSTSKGGDFLGNSDGLDFFHQGSEGCEIGGLWSNWSKPLNGKSSLLQLSSAAASLTPIRSLEFSRDDFEMASQWKGSFFGFGSCTGSRYRGYSHCLSDQGSEYGCVSTSSMEMDGQNWPSLTEARQGGRCNNFSCSCTVTLDTLSERNRGPRAFKPKVRTTAYGFAVDNSKNGTLDGILKGSYNQLDFVTNYKV
CsiDF3C;Csi_DFC1;Csi;DF;C1;ECT8;MYVMPAFQAACSPYNPYLPVTTFAVDGQYLGQQPFSTSPMVQPSITPPGYYSNVLSYGEFIPSPYPCDPSFMVGDVTPKIPGSKSNRSSASHPHASLSKKFPQSEFSNPSEKKSSLQSLNVSPDHGVRSQLKLMSKALQHVSTLQPDAPGKGYLQLAKFPLYNQGKVGVVYSHGPVNYKANAPGWGGNEKTKTRSRDNSISDFSLSNEQNHDTSTTSNKDALESGANAVGALGTNEKGNSDSISSLIWKDQYNLPDFRIKYDH
CsiDF2C;Csi_DFC2;Csi;DF;C2;ECT11;MAGEKNIIKDEPVATELKGNPISKSTGQDVASGKDGAASDSTASMATSGHAASGMKGEIDQESVGEYGAQNPSTVHYNYYYPGSNGSFSQVDNNGYIHTDGSHSGVHSDNGSLLYYLPGYDPYSTLVGVDGQCVGQQPYFSSSGYLQHPVSYGSEVMPCYSWDSTYVADIQNGNAVGFGNEKYGGSTAFAKSNGLNSVKKNGCFTNKVSKSSYTQSTKPVSKVTQLDSDLSAGFLKGSNPLGNFSAFSNQKQGFFPNMVNYSTNGRMWNGNDRYKSRDKFSRAGGLGMPTELIRGPRAENKSASLEISDKKEVLSPTVSRDQYNLPDFQVEYEK
CsiDF1C;Csi_DFD;Csi;DF;D;ECT6/ECT7;MEMYNASDNRNGESHLIQINESYPSLMYPLVEQFDFDAMYNEGASEFIEQGLYYPTATNYGYYCTGFESPSEWEDHYKIFGVDGLDFQYAGAQTENLPFVYYTPSHAYAQSPYNPYNPFIPGAVIGVDGPYGGAQQYYSIPSFQDTVSSPACGSVVIPPDMISSSFADPLLNTGASITNRTDGRGLKNSVASASAAYPSNPSKPSLIQKHSFTKFSEGPRAKANIGPNNHSVIIRSVSSGSSTAAPSLVLQGRTSSGSTQPLDDISSGKVLPPPNQVKAVVSNGNGFSDFQSSARGRSAVDKLLPKTAVGQPLNTMGRNPDMCMFSEQNRGPRTSRSKDQLAVKAYTSKAGVTDVEGNIIICTEHYNKEDFQVDYVD
EgDF1A;Eg_DFA1;Eg;DF;A1;ECT2/ECT4;MAAVAPSADQPTDLMQKLSLDAQSKTLEMPEVAKMSSNQNGSVDGVNAANGQIQSYDGAVTEPTVCFVPNSYPYYYGGYDGTGGDWDNFPRYANVEGGVDMSSGFYGDNGSLMYHGYGFAPYGPYSPAASSVPGNDQLYGTQQYHYPSPYFQSNMTPTSAPFTPSAAAPQAELSTSAASDQKPLPVETVNGNSNTATNAVGKGNIRSASLKTSNQNSSYNSNGSLGRGSLPGGMASGNQDPRLGFDGFHSPIPWAEGALFPDGQIAPLSTSGATNSFPSANNSHSRNQHFRPNSNFMGLHQTRPLSGMGVSSGYMNRMYPNKLYGQYGGTIRSGMGFGSSNYDSRTNGRGWLAVDSKYKNRGHGNGYYAYANENVDGLNELNRGPRAKGSKNQKAFTPILAVKGQTFPSSGTNEEEKNKVSVIPDREQYNKADFPEDYED
EgDF2A;Eg_DFA2;Eg;DF;A2;ECT2/ECT4;MNRDPRLTAFSFPSASSRKTETLESPPRARDPPFSPPPPPQNPSFPLRPEFPGVPAPIHRRIMATVAPASANQTADLLQKLSLDAQPKTLEIPEPTKKTSANRLGSVINGKAANGQIQPYEPSVTPSLPEFEPPMCFVPTGEPTMCFVPTGYPPHAYYHGGYEGTGAEWDDFSRYTNTEGVDVASGFYGENGSLMYHHGYGFAPFAPYSPATSPVPGNDQTYGSQHYHYPSPYYQSVTPTATPFTTGLAAPPSVELATSAAGDQKPLPAETVNGNSNGATKGAVKGSNKSIPSKMSKQKPPYNINGSFGRNSLPGGVAPGCQDPRFGFEGLCTPFPFFDGSVFSDGQLGPVANPAMMNSFINPNNGSARNQHAHPNSNITGLHHARPISGMGVANGFMNGMYPRKFYGQYDSTMRSNIGFGRGWSVDNKYKNRGHGNVYWGQSHDNTDGLNELNRGPRAKDIKNQKDFTSVLAVDGKNLPSNGENIEKENRSSVVPDCTQYNKVDFPEDYND
EgDF1B;Eg_DFB;Eg;DF;B;ECT5;MSMAAPQPRRPDRSAAEEGPTDPENMNQQLTHPAKGSVSPNPSQDGAAAGSQKEPVSQSVSIGLSSDGADAHAHQPQALHSRGYGSSTGEWDDLSHYANPKELEVASPGVYNDNHSLVFHTGYGYSPHMPYGPYSPVTTPLPSVGGDVQMYSSQQFPYSGQPYYQQLLPPTMPYISSPTQVSQPDLTMSMNVDQQGDGVLFGPRPNYPSPVGSFGRGSFPGNLWTHGFHDQQMGLDGLSSGGLWSDWSKPADRQRSFSPLSPAASPQPIGIGSFTPNIGIASDLQRTLSGYGSSDPYNRDFLHSGINRGANFGTTPIPGLGLNGQGWLSVDNRRRRRSNGAICSCNGTSDILGDQNRGPRASKLKNHATSEHGSSIDDSKLSASITKIPHGSYNHIDFITEYDD
EgDF1C;Eg_DFD;Eg;DF;D;ECT6/ECT7;MDMHNINEHGNAETYMIQNTETNQLIANPHFERVETMYNEGAPEFVVDHGMYYPTANYGYYCTGFGTPNDWEDHNRVFGIDGPDVQYTGVQSESLPYVYYSPSYGYAESPYNPYNPYIPGAMIGVEGPFVGPQPYYPLSPLSPYHNSASSPAYIPILVQPDVNSPEALSNPGAGTISRPDTRGLKNNVASTSTTFSRNSTKNSSNPVNSLNRPSEASRENVGQGKPAVTYGSISSVGVSNSASSRVFQGRTTSSTIQHVDNNFSGKVPSHRNQLKVGFPDYGSHAYGWGAVEKPRPRLHLGRGQENASGPLDAQGEQNRGPRTNRSKSQLAVRAYTTKAGDINAQGIIIIDTDQYNKDDFCVDYED
GrDF1A;Gr_DFA1;Gr;DF;A1;ECT2/ECT4;MAPTVAPPADQTAELLQKLTIDSQAKPFDIPEPTKKPSVYQYGSVDSGNTGNTQIPTFDRSTTPLLQDFMDPNMCYIPSGYPSAYYYGGFDGTGNEWDEYSQYLNPDGVDMTSGVYGDNGSLMYHHGYSYAPYGPYSPAASPVPTLGNDGQLYGPQHYQYPPFFQPMTLTSGPFTPNPAAPSHGELLTSAAADQKPLPVETPNSNSNGVANGGSVKGNNGPGAIKPSYPSSFNTNNSYGRGPPPGSVPTSGYQDPRYGFDGFRSPIPWLDGSMFSDGQHRPVSSPAMNSLVSKANGFPSSRNQNFRSNSNYMGLHHPGPMSGMGTTHGYVNRMYPNKPYGQYGTTFRSGMGFGSNGYDLRTNERGWLADNKYRPRGRGNGYFGSGNDIMDGFNELNRGPRAKGPKNQKGATPITASTKGQNIPSDGTKDEEKAYVVPDREQYNLEEFLVDYDD
GrDF2A;Gr_DFA2;Gr;DF;A2;ECT1/ECT3;MATSDRILANFTPLEVADSLENLSLDSQSKTTKAPEPVKKDFYSDNGSYMYPQTYGYMSYAPYSIPSPPLPAMGHDGQLHALQEYYYPSPYYQQPLQTSQANASQVDVSSFGATDQSSLSVDTNKGNSNGITSGGSGSLKPTLKSSSLNPNAFYKGGGLPTGNLSQGYQDPRFSYDGIQSPIPWLDMSMSPNGQSEQTANGGFSSYTNNLSSGRNQNLHPFPHVMNMHNARPSSGVGQAYGYMNHMYPNNITYGHYGNTIRGGSGFGSYGYDARKKGLGWYNVGNNKSRFRGYGKENIDGFNELNKGPRVKGYKNKDGSGNATLAVKDQNLPLTKSNNEDIVSLVPDTEQYNREDFPDSYSD
GrDF3A;Gr_DFA3;Gr;DF;A3;ECT1/ECT3;MIRLLLLVICTFRYISTLIEFKILNSQIFFLSFTSTITEIANSMENLSLDSQVKTTKVPEPVKKDLYSDNGSYMYPQTYGYMPYGAYTMPLQEYYYPENPYYQPPMQTSQADAFQVEVPSAVDQASLPVETNKGNLSTVATGNSGSGSLKSTLKSSSLNPNAFYKGGGLSSGNLSQGYPDPRFSYDGVQSPIPWLDMSMSCNGQSEHAANGGFSYTSNLSSGRNQNLHPFPHVMNLHNVRPSSGVGQGYGYMYPNNMAYSHYRGGSGFGSYGYGARKKGLGWYNVGSNNKYRFQGYGKENMDGLNELNRGPRVKGYKNKDGLETATLAVKDQNLPPMENSKDNGVSLVLDMEQYNKEDFPGSYSD
GrDF4A;Gr_DFA4;Gr;DF;A4;ECT1/ECT3;MATADSILANFSPLEVADSLENLSMDSQAKTTKVPEPVKKDFYSDNGSYMYQQAYGYMPYGAYSMPGSPLPLMGHDGQLHALQEYYYPSTYYQPPQQTSKTDASQVEVSTVNADDQASLSTETNTGNLSTVESGAGLSGNNGSGSQKSTFKVSSLNPNASYKRESFPTGNLSEGHQNSRFSYEGVQPTIPCLDMSVSSNGQSKHTANNGFSSYAKNLSSGRNENLHPFPHFMHLHNARPSSGVAQAFGYMNHIYPNNMTYGHYGNTNGGGSGSGFGSYGYSAWKKGQGCYNVGNNNKSRGLGYGKENMDGLNELNKGPRVKGSSNKDGFGTATLAVKDQNLPLTESNKENSVSLVPDLGQYNKEDFPESYSN
GrDF5A;Gr_DFA5;Gr;DF;A5;ECT1/ECT3;MANSDQLADSLGKLSLDSQAVTAKVPDTVKKDLYGDNGSYVYQQTYGYMPYGAYSMPSSPLPAMGHDGQLHALQEYHYPSPYYQPLPQTSQANVSQVEVSTSGVGDQASLSIETNKGNTSTITNGGGLSGNSGSGSLRSTFKSSSLNPNASYKRGGLATGNLSLGFSYDGIQSTIPWLDMSMSSNGQSKHAAHGGFSSYMNNASSGRNQNLHHFPHVMNLHNARPSSGVAQAYGYMNHMYPSNMTYDHYGNAIRGGSGFGSYGYDAWKKGLGWYPVGNNIKSKGRGYGKESMNGLNELNKGPRVKGYRSQDGVEAATLAVKEPNLPLTESDKENNVSLVPDIEQYNKEDFPESYSD
GrDF1B;Gr_DFB1;Gr;DF;B1;ECT5;MAATSDRTPEEQRADPESVKEQPLSTKNEMSVSPNSSHDTAPIGHPRDSTGQSGSSGDRNVYSPTIYAPQAQSFYYRGYDNAAGEWDEYPPYVNADGLELGSMGVYNDNPSLVFHPGYGYNPQMPYGPYSPVTTPLPSVGGDAQLYSPQQFPFSGPPYYQQLVPPSMPYISSPTTVSQPELTTLVSIDQQGDNMLFGPRPSYNTPLGSFGRGSFPGNHGNLGFNDSQQGFDGLRSGGLWSDWSKPSDRQRSLTPISPAVSPQPFGPIGQNVPMASQQQRLFYQLGSGVTSYNRGFMQSDLNQDPRFGSASIPNSGANSRGWLSLDSNRRRGRGSGVPLCGCNGALDILSEQNRGPRASKPKNQITAEHSSSIDDSKNNKSLSKIHDESYNRPDFSTDYKN
GrDF2B;Gr_DFB2;Gr;DF;B2;ECT5;MAATPDRNPEEQQADPENVKEQPLPTKSMTLVSPNSSQDAAPVAHPRDGAGQSGSFASAGDRNVYSPTIYAPQPQAFYYRGYDNSAGEWDEYPPYVNAEGLELGSLGVFNDNPSLVFHPGYGYNPQMPYGPYSPVSTPLPSVGGDAQLYSPHQFPFSGPPYYQQLVPPSMPYISSPSSVSQPELTTLVNVDQQGDNMLFGPRPSYPTPLGSFGRGSLPGNPGTLGFNDLPQGFDGFRSGGLWSDWSRPSDRQRSLTPISPAVSPQPIGPIGPIGQNVPMVPQQQRSFYPVGSGMNSYSRGYLQSGLNQGAGFGNASVPSLGANSRGWLSFDGKRRRGRDSDISLCGCNGALDILSEQNRGPRASKPKNQITADNNSSIDDNKNNKSSAKIHDDSYNTPYFPTDYKD
GrDF3B;Gr_DFB3;Gr;DF;B3;ECT9;MLMAHQTSDRLTSTDSAEVFNVMVLDSNILANPNALTNKDLVTVGSLRDGSSHQSGFMPSVVESKTTYLPNAYSPEAQFHQEAHKQGSLLPYVNAEGLDNGFHDIYNETASLGFHGFGHSPQMQQRAYAPVSSYLPPVGDPIGLSNARHFITIDSSYHHPSVPQNIPHVTSKAQFSHLECPVNIEQQVVGKRFGLRTNYLPQLGSFDGGRNFFGSSSSLCSSYQGSDGFAVGGFCSDWSKPFSGKSSLFHLSYAPASPKRVGSLEFSSNGPAVVSFQKGPFNGFGCTSSSSRGYSGSQSDQRSCHGSVSTNSLGISGHNWPTLAEARQGGSCNDFSCSCTVTLDTLSERNRGPRAFKPKTQITTKGFIVDSSQNGTINGITNGSYNRQNFVTDYEG
GrDF3C;Gr_DFC;Gr;DF;C;ECT11;MAGEMTLENPEPINAVPKSEAVPKLAEQDANSGKIGMASDLTSTISSSPYESSGAKAESHQDLVGEPGFNQSTSFENYYYPGYDGSFTQSDDKGYFLTDGSLTGVQSENGSLVYYLPGYNPYATGALMGVDGQCLGQQPYYSSGYFQPPVSYASEAMPCYSWDSTYAGDVSNGILDGFGNVKYGSGSAFAKSNGFNSTKSNGLGTKLSKSTYAQPNKPLSKGPHSGSDPSAGSYRGYYPAGRSSFNNQKQGLSQYNGHMNYRQNGRAWNQNDRYKKSNVDFETSAELTCGPRALNRAAPLDSSVKKEGLGLNLYKDKYNLQDFPTEYEN
GrDF1C;Gr_DFD1;Gr;DF;D1;ECT6/ECT7;MYQEGAPEIVIDQGMYYPTATNYGYYCTGFESPVEWEDHQNIFSADGPDVQFAGAQTEPLPYVYYTPSYGYAQSPYNPYNPYIPGAVVGDGSFVGAQQYYPFPPYQNPVSPTAYVPVLIQPDGIPSSSTDSFLDTHASIGTRPDGRGVRYNLASASAAASRKSAPNQADSLSRVTDGQSKHYAIQESISASSGSASARAHQVRVASGSVQPIGNIPGGKLPSYRNQLKTDLPVGNAISDYGASSPGRGVLDRLRPKIHVSRVFNDAHGSLDSWAEQNRGPRTNRSKNQLMVKAYTSKAGNSDAEGNIIIYTDQYNKDDFPIDYVD
GrDF2C;Gr_DFD2;Gr;DF;D2;ECT6/ECT7;MYQEGAPEFVIDQGSMYYPTGTSIGYYFTGFESPVEWEEHQNIFSADGADVQFTRAQTETLPYVYCTPSYGYAQSPYNPYNPYISSAVMGDSPFVGAQQYYSFPPYSNPVTPTAYVPVVIQPDGIPNNSTEFLLDTRASIASRPDGRGVKHNFASASAAFSRNSSKSAPNQTDSFTRVSDGQSKHSANRGNFPDSSSPAAARTQQGRVASGSIQSIGNIPGGKLPSHCNQLKMDLPAGNTFSDYRSSAPGRGALDTLRPNISVGRVLNDAHGYPDTLGEQNRGPRTNRLKNQFMVKAYTTKAGNSDVEGNIVIYTDQYNKDDFPIDYVD
MeDF1A;Me_DFA1;Me;DF;A1;ECT2/ECT4;MATVAPSSEKAAELLQNLSLDSQPKTLEIPEPTKKTSLYQYGSVESAVSANGQIQPYERSVTPFVPDLMDPSVCYIPNGYPSPAYYYGSYNGTGNEWDDYSTYASTDGVEMTGVYGDNGSVMYHNAYGYAPYGPYSPAASPVPTLGNDGQLYGPQHYQYPPYFQPLTPNSGPFNPSQAASSQEELSSSTAPDQKPLPAETTKGNSSSIANGGAKGNNGSTPVKPTYQNLSMNMNDTNGRGILPGGLPPSGYQDPRFSFDGKYRSTSITSSYSKGNHVPSSRNQNFRQNSNYMGLHQPISMSGMGSTHGFMNGMYQNKFYGHYGNTFRSVAGFGPTGYDSRINSNGWLAVDSKYKPRGRGNVYFGFRNESIDGLNELNRGPRAKGFKNPKGFAPVTLVVKGQQVPPSEPVNDEKDELPTIPDREQYNRADFPEDYTD
MeDF2A;Me_DFA2;Me;DF;A2;ECT2/ECT4;MATVAPSPEKAAELLQNLSLDSQTNTLEIPEPTKKTSVYQYGSVESVVPANGQVQSSERSVTPFLPDLMDPTVCYLPNGYPSHAYYYGSYNGTGNEWDDYSRYASTDGVEMATGVYGDNGSVMYHNGYGYAPYGPYSPAASPVPTLVNDGQIYGPQHYQYPPYFQPLTPNSGSFTPTQAVSSQGELASSTAPDQKTLPAETTKGNSGAIVSGGGMKGNNGSIPIKPTYQNSLLNLNNTNGRGILPGGMPATGYQDPRISFDGKYRNTGINSSFLKANNIPSSRNHNFRQNSNYMGLHQPGPMSSVGSTHGYINGMYPNKFYGQYGNTFRSSMTFGSTGYDSRINANGWLPVDNKYKPRGRGNDYFGYRNESVDGLNELNRGPRAKGFKNQKGFAPVTLVVKGQNVPSIETVNEGKDEVATTPDKEQYNKADFPVDYSD
MeDF3A;Me_DFA3;Me;DF;A3;ECT2/ECT4;MATVAPSEKAAELLQNLSLDSRPKTLEIPEPTKKTSVYQYGSVESGVTANGQIQLSERSVTPFMPDLMDPSVCYIPNVYPSPAYYYGSYNGTGNEWDEYPRYTNSDGVEMASGVYGENGSVMYPNAYGYAPYGPYSPAASPVPTLGNDGQLYGPQHYQYPPYFQPLTASSGPFTPSQAASSQGELASSTVPDQNPLPAETTKGNSSTIGSGGVKGNNGATPVKPAYQNSLLNMNDSNGRGILPGGMPPSGYQDPRFGFDGKYRSTSITSSYTKGNHVPSSRNHFRQNSNYMGLHQTGPMSGMGTSHGFVNGMYPNKFYGPYGNTSRSGMGYGSTGYDSRINANGWLDADGKYKSRGRGNGYFGFHNESIDGLNELNRGPRAKGLKNQKGFGHVTLIVKGQNVLPGETVNEEKDVLPMIPDREQYNKADFPEDYTN
MeDF4A;Me_DFA4;Me;DF;A4;ECT2/ECT4;MATVAPSSEKAADLLQNLSLDSEAKTFEIPEPTKKTSVYQYGGVESGIPANGQIQSSERSVTPFLPDLMDPTMCYLPSGYPSPAYYYGYNGNGNEWDDYSRYAHTDGVEMSSGVYGDNGPVMYHNGYGYAPYGPYSPAASPVPTLVNDGQIYGPQHYQYPAYFQPLTPNSSSFTPSQAVSIQGELTSSTAPDQKPKLAETKVNSSTIVNGGGLKGNNGSIPTKPTYQNSLLNLNNTNGRGIMPGGIPAAGYQDPKFGFDGKYRSTGIASSFLKANNTPSSRNHNFRQNSSYMGLHHLAPISGMGSTHGYINGMYPNKFYGQYGNTFRSSMGIGSTGYDSRINANGWLAIDSKYKPRGRGNGYFGYRNEGIDGLNELNRGPRARGFKNQKGFTPVTLVVKGQNVPSIETVTEGKDETVVTPDKEQYNKADFPEDYVD
MeDF5A;Me_DFA5;Me;DF;A5;ECT1/ECT3;MAAVSSPSDQVADVMENLSLDSQTNTAEIPEPTKKRMYGINEAVISHQGYGYAPFGAYPSPSSTVPAAGNDGQPYGTEQYSYPIPFYQAPTSTGTLYSPNSASASQAEVPTSAAADKGVLSVGTAAANTNNTVNTGSVNRINGPKPFRSSNQNSSSSLNVPYNRGGLPTGFPSLGYQYQDPRYGCDVFQSPFPWLDASLFPNGSPGHAISTGFSSPLATRPMSDLGQASGLMNVYPNNRMYGQYGYRAGAGFRSFGGNSWTNGHGWVVVDNKYKPRGRGYGNENLEGLSELNRGPRAKGFNNQTELGPVPQSVQGQNLSLTEDNKEDGLHQMPDKEQYNREDFPEDYSD
MeDF1B;Me_DFB1;Me;DF;B1;ECT5;MAATQSQTPDRTTEEKPVEPDTMTERTLSAKNETSVSPNSSRDAAIMGPRRENTGHLGPFGLHGDHTLYPSNVYAPQAQAFYYRGYNNAIGEWDEYPPYVNAEGLEIGSSGVYNDNGSIVFHPGFGYGPQMPYGPYSPVTTPLPSVGGDSQLYSSQQFPFSGPYYQQLGPPSTPYITSPTPISQPELSIPSVDQQGDHMLFGPRPSYPPILGSFGGGNISGNLGTLGFHDLQQGFDGLRSGGLWSDWSNSSDRHRPLTPLSPAVSPQPIGSFGSYGHNVGMASQQQRSFYGIVSGSNSYTSGYMHSGLSQGSGFGSASISSLATNSKGWLSHENSRSLGRASISVCSCNGSLDILSEQNRGPRASKPKSQNAVEHTSSIDNSKHGKSTANVHDALYNRPDFVTEYND
MeDF2B;Me_DFB2;Me;DF;B2;ECT9;MVQNMSQDQPSLVLDENVVDSSRAAIAVGSLRVDAPPNASPSQTQSACHGGNGNIVGTWGTCLPDVNAEGLDSSYGIYNDPSSLPFHGNGYTPQMPQRPFASFATPPPSVNCHGQLYNVQDLPNSDPSFYQHFMTPNVPSIVSQTSLSSAKWPDSINSQGDGNRFGHQPGYLPAMGTFGRGSNYPGDTGGFNLLEQGYAGFESNGLWSDWPKPGNGKGSMLHLSSATTGPKPVGSLGFSANHFGMASQQKESFYGFGTRASNKSYPQGQTNRNSGYDVSSSMFGINGQSWPTLHEARQAGRCNDFSCSCNFALDTLGERNRGPRAFKPRSQTSANGSVIDSRRTAVSDVYNESYNRLDFVTDYKD
MeDF3B;Me_DFB3;Me;DF;B3;ECT9;MSKDQPAVDENGVDSLRAATTVGSLRVDASPYACSSQTQSVYHGGNGNMLGTWGECLPDVNAEGLEIGSYGIYNDPSSNPFRGLGYTPQMPQRPFASITMTTPPGNCRGQLYNGQDLPNSETPFYQQFMTANTASQTPVSSAMLPVTINPQEDGNRFGPQPGYQPAKGSVLRESNFSGDSRGFKFLQQGYDGFESSGLWSDWSKPGNAMGSLLHLSSPTAVPKPIISLGFSANHFGVVSQRKESLFGFGSRLGPSYKIYPQGQTNGNSSSHISSSMFGMNGQIWSTPHEARQGRRCNDLSCSCNVALDTLGERNRGPRAFKPRSKTAPNGSVIDNHRNAVSDFCKESYNGLDFFTEYKD
MeDF2C;Me_DFC1;Me;DF;C1;ECT8;MMRNLKVNEASVELRDSMVPSNDGSPSDTTSCISSAGDATVNAKEGDVDRESVVTDQGLPNPACGYYGYFYPGYDGTHGGVDDQAYYVAGDGMEIQYPVMQADNGSLVYLMPGIYPGHSPYLPVTMVAIDGQHVGQHPYPSNTIFQPSIAPGYFPTPFLMPPPYLWDPSTFVGGGYGNDYSGIVEISGAKPNMSSHSHTHAHSKNFLTPDFSDSLKNKTALQSLEVPSGHGTHNQLKSVAKSDVPREGYLPFAKFPPYNQGKGGVLYTVAPVKASARGWSNSERPKARSKISNISNFGSLTEQNYVPRTTNSKGSFAFGGNAAGSLDSDGTGNSNSLTSVIRRDQYNLPDFPTKYDH
MeDF3C;Me_DFC2;Me;DF;C2;ECT11;MATGTELEKPESVPTGLKAEPVRKLSGHGVASGKDGIPSHAKVEVDGNSCIKGEADQESVGEHSVCNPPTSSYNYYYPELFVAGYSVPFSQLDDHGYFQADGSHMGIQSDNGSLVYYLPGYNPYASGAVVGVDGQSVCQQPYFSSPGYLSHPVSYGSETMPCYSWDSTYSGDVSNGNAGSANGKYSSGPISSQSNGLNSKKSNDNIGGKSSNAYSQPTTPLNKMSTFGSDFSSGLLKGYNPVGNLSSYSTRKQGPFLHNGPMNYRQNGRIWNGNDRNKSRDRFYKKSDFETSTELTCGPRASNKSSPLDTAVKEDLRITVQKDQYNQPDFETEYTN
MeDF1C;Me_DFD;Me;DF;D;ECT6/ECT7;MYNEGAPEFFMDQGLYYPTATNYGYYCTGFESPGEWEDHHRIFGADGPEIQYAGAQSESLPYVYYTPSYGYAQSPYNPYNPYIPGAMIGVDGPYVGAQQYYAMPPYQDPVSSPGYVPVVVQPDFIPNNSTDPLLDAAGVAFTNRPDGRSSKHGLASSSAAFPKYQSKPTSNQTNTLSKISEGSRANVGSSKMSLTHGSISAGSFPTPASSHMLQGRGASGSIQPVDNFSSGKVLPHSNQLKVAVPINNGFSDFGSSAPGRAGVDKVRSKIHVGRTLNDVNGGPDSLGEQNRGPRTNKSKNQLAVKAYTTKVGDDEQGNIIIYTDQYNKDDFPVDYGD
MgDF1A;Mg_DFA1;Mg;DF;A1;ECT2/ECT4;MATVAPPADQAADIMQKLSLDSQAKTFDAPDATRKPSVDSNNAANGGIQSDRSVTPVLTDFTDPSMYYVQSSYPSAYYYAGGYEGSVNEWEDYAKYMSQDGAEMTPGIYGDNSLMYHHGYGYAPYAPYSPAASPVPTVGHDGQLYGAQHYQYPTPYFQSLSPASGPYPTPAAPAKGEIANAATGDQAPLSVDSANAKSNGIANNGGQKGNNGSAPAKSAYQNSAFNVNGTYGRGTLPGGTPASGYSGYGFDGLQSPIPWLENPYFSDGQARPLTSSMNSSIANGNNAPSSRNQNYRPHLMGLHQPRPMSGMNTANGYMNRMYSNKLYSQYGNTYRSGMGYASNGYDSRGNGRGWMAVDNKYKPRGRGNGFYSYGNESVDGLNELNRGPRAKTSKNQKGFTPVALAVKGQDTPLTVTAENEEKLSSVAPDREQYNQPEFSVTYDD
MgDF2A;Mg_DFA2;Mg;DF;A2;ECT2/ECT4;MAPAAAVDQASDYLQKLSLDSQAKTYENQDATKKPSVDSSNVANGVQSDRSITPLLPDFTDPSTGYHPNSYPSPAYYYSGNDWEDYPRYMNADGVDMTPGAYGDNGSIMYHGYGYTPYPPYSPAASPVPTLGHDGQLYGSQHYQYPTPYFQSLTQTSGPYPTQAGSAKGEIATSAATDQSSLLVDSANSKSNVVTYNGGAKGSNGSMQARPTYQNSSFNVHGSYGGSAFTGGYPASGYQDHRYGYDGLQSPIQWLESPYFLDGQPRPVTSSSMTSSYANGNRIPSSKNQNFRPQLMGLQQPRPMSAMNTASGYMNRMYPNKLYGQYGSTYRSGLGNGSGGYDSRTNGRGWMAVDSKYKPRGRGNGLYGYGNESMDGLNELNRGPRAKSSKNTKEISPVALAVKGQNIPLSGTDDNEKEKSSVTPDLEEYNRPDFPETYSD
MgDF1B;Mg_DFB;Mg;DF;B;ECT10;MEDGNQQSIDRFAPIQSPGDRVVELHNLAEQPPLQNDERVVSTNPSLGAAISVAPINTKDQPATSETSGSLATMHPFSTYTPQEQQGYYIGGYDNGSGNWDENSNYVNANNLHVIPPAMYNDSSSIFFPPGYGYDSQMAYGQFSPLASPLSPIMIDGQLFSPHQMPVTPSYYPPPLSPGLPQHVTSAFPAQQTELMSSGSRGQENLIDNAFFGQGSGYYLPFGSFSGGDLSGSSGHGLYKYHGEFGSNDQFPSRSSSLDSNRFMSPFSGTVYHQPIGILGSYEQNVAQAPYQGFGLTGNSSARNYAHTSPYQNTIGSSSNQYRFANDKIGRRERERDTSNVYADTLGISSDRNRGPRASKPKSKSSPEEDSSADIKDVESTSKLHVHHLNSPDFITDYDR
MgDF3C;Mg_DFC;Mg;DF;C;ECT11;MEKDTIPSDSVAPISTVGNADVQSASEQSVQYYDYCNTPVGYNGTLPQFDDKDCSKTAVGGSSTGTQPDYNDALSMYYASGYGGTYQTYTPPPEYLQQPSGYGGAYDSTYFVAAPSGSGSSNGRADNNNNNNTLFSNTSPQLTIHQNQITFGTGYQYEGPTTGSYPTVRNSRDSAQYGPSNYEPNNQRYKGRENFRRSGENKAEMELTCGPRVNRANNSSSKSTSEEEQIVLPAKVDKFNLQDFQTVYEN
MgDF1C;Mg_DFD1;Mg;DF;D1;ECT6/ECT7;MEVYNVPGQGLADMYLIQGSEPIPQFISQFEPLESMYNEGAPDYFVDQGLYYPPTTNYGYICTGFESTGDWEDHQRIFGLDGQDLQYTGVTNENLPYVYYNPSYGYGQSPYNPYNPYIPGAMIGLDGSIVAPQQYYAIPSYENPISSPSYVPVVLQSRPESRANGIGDSFVDNAVSVSKVDGLVSRYNLPPNTPNSSLARLGDNSSRRNSSARMSEGGGANTGSVKQHWPNVTSVNFTNRASSQISLARDPQGTENALRGKASSASSQSKSAFTSAKGLSGFESSNHAQASVHRVKPNALYDRVTDAERASPDALREQNGGPLIEQNRGSRTNKLKNELVVRAYTTRAGNPDAQGNITIFKDQYNKIDFPVDYAN
MgDF2C;Mg_DFD2;Mg;DF;D2;ECT6/ECT7;MEVYNVPGQGLADMYLIQSSEPIPQFISQFEPLESMYNEGAPDYFVDQGLYYPPTTNYGYICTGFESTGDWEDHQRIFGLDGQDLQYTGVTNENLPYVYYNPTYGYGQSPYNPYNPYIPGAMIGLDGSIVAPQQYYAIPSYENPISSPSYVPVVLQSRPESRANGIGDSFVDNAVSVSKVDGLVSRYNLPPNTPNSSLARLGDNSSRRNSFARMSEGGGATTGSVKQHWPNVTSVNFTNRASSQISLARDPQGTENALRGKASSASSQSKSAFASAKVLSGFESSNHAQASVHRVKPNALYDRVTDAERASPDTLREQNGGPLNEQNRGSRTNKLKNELVVRAYTTRAGNPDAQGNITIFKDQYNKIDFPVDYAN
MtDF1A;Mt_DFA1;Mt;DF;A1;ECT2/ECT4;MAAVANPADQAAELLQKFSLESQPKSLEIPEPNKKATGNQYDSGNALNGQIPSYERSVTPVLQDFMDPAMCYLPNGYPSYYYGGYDGTGSEWEYLNADGVDLTSGVYGDNGSSLVYHHGYGYAPYAPYSPAGSPVPTMGNDGQLYGPQHYQYPPFFQPLTPTSGPFTPTSAAHPQGDNSTSVAADQKPLSVEAANGNTNAGTNGVNAKGRTPTSGGYQDPRYGFDGARSPNLWLDTPIFSDGQPRPVSSTVISSSISSGNNGTASRNQTYRPNSQYMGLHHPRPIPAMGATPGFINRMYPNTRYGQYGNSVRSGMGYGTHGYDSRTNGRAWLAVDNKYKTRGRNGGYFGYGNENTDGLNELNRGPRAKGGKNQKVFVPTVLTVKGQNVPVNTVDEEKEKNSTTPDREQYNKADFPEEYTD
MtDF2A;Mt_DFA2;Mt;DF;A2;ECT1/ECT3;MPSVAPSSEQAASLLQNLSLDSQPKTIVGDAEPVKKNGPVFANGAAKGTGKPFNPNPSYVPNGYPSTYYYGGYDGQGDWSGYSNYVNLDGGMTQGVYGDNCSYMYHQGYGYTPYGAYASPNSSSPVVQHDGQMYGLQQYQYPCSYYNSPTSADGSFAPNKTSVPQREMSTAVNADRITSNVMNKGNSVSMVNGDCTNQNGLKAFMKSSQHTSLNTKDSYQGSSLPACAPLSGYQGPRLSTHGAQSAIPTDVSLVSDRQSKHGGKVGLSSQVANIKDFSSQRNQRHSQSLPQFMNLNGSRHPSGMELLPGFMNGMYPSNNLFSQYGSSFRANSRYGSSAYGSRTGSFDNKYRATGNGYVANDSRRNGDGFSELNKGPRAAKSSDNKSVKSPEPVTLLLKGQNLPVKSDDEVVPLVLNKEQYNGEDLSENYSD
MtDF3A;Mt_DFA3;Mt;DF;A3;ECT1/ECT3;MSTVVVFSPDTTKAADLMQNLSLDSAEPRTIAVPEPAKKAGHGQANEVPKTFNPNASYVPNGHPSISYYYGGYDGQGDWNDWNVYQNYVNANGGMAQGVYGDSGSYMYPQGYGYAPYGSYPSPSTSPSLPHDDKLYGLQQYQYPSYYQPSASANGTYGATANKTNVHGGKTSTPVTAEHVPSSVMNKGSTTTMTNGYSSNNNVSNDSYQRAGYAAYAPVSGYAGTYGTQPSYPSDPLLFSDRQSKNGSKTGYSTPAVPRKDFSSQRNSSLSQPLPQYSNLHGYSSGLGPYSGYPNGMYPSNTMYSQYGNTYRGSYDNKYRSTSYGRGFDHVKRNVDGFGELNKGPRGSNSSDDKNDKSLGPVTLLLKGQDLPIKSDDDKEVHPVPDKQQYTGEDLSENYSD
MtDF1B;Mt_DFB;Mt;DF;B;ECT5;MAATQPPPQPPLDRPTTGDISTQPDNMKDQIVGTTTIGHSRDITSQSGSFGSGADQPLYPPNVYAPQAQAFYYGGFDNGNGEWDEYPSYVNNGGIEIGSPGVYNENQSLVFHSGYGFNPQMPYGPYSPVTSPLPSVGGDAQLYSPQQFPYTPPYYNQLVPPPNLPYLNSPTPVSQPELTNLLGIDQQVESNFFGPRASYPSVGSFARGSFPVAPGSFSFHESQQGFDGSRSGGLWSDSSKPSERQRSFMPLSPSVPQQPIGSVRSFGPSAGMASHQQRSLYGFGSSSNPYGRGYLSNPGSSFGGSAISGLSANDRSFLSLENSRRHGRETASFCRCNGTLDILSEQNRGPRASKLKNHISSENNAIDGSKNNASTAKFQDESLNRPDFATDFKD
MtDF2C;Mt_DFC1;Mt;DF;C1;ECT8;MAAELKKAADEMNKKKLHGDSSTAEHNNSNMVSSKGGGSSPSDARSCVSSIGDASGSFKEGDVDHEFQSADQNVAYSAGSYYGYYYPGYGGFYGEQENQGYYVGADAMDFQYPVMQADNGSYVYLMPGYQTGYSSYFPVNTPGVDVQYQVYPPGSVFQQPIGSPGYISPYGELLPSTYSWDSSLTTQDVAQGNRYNELASKPSGRSIFSSQSRTGSGIVSKSVPSSNVSNSSEVKGSPPILDVSSTHVKRNQPKQANKASISGPVLHSDAMPKGSFPVAKFSAYNQGKSGFPYQNNFPNMKATSTKGWVSTEKLKLRSKVNDSLNEQNQGPRTANAKGTLNSGGNSEDKSVNGNTKIRTDQYNLPDFPTKYDH
MtDF4C;Mt_DFC2;Mt;DF;C2;ECT11;MWFDLMLGFNQSIQTATTTTTNHIQQKNEADMVPLKDCTPSDLTSLHTFSRDVNAGFAGTNVGVDRHCIIRELPGQQPGLSYTSYFQQPGVHESEAIPCHSSVSTSVCMQNKSVSSVFAKSDPKSSTLANQNSSSSPHTNGSITSRLSKEIEILKKAPHLHSNFTVATPPRTYNQTGNVPSFANPRSHVFPNTNYRPSTSTNYRPITSTNYRPNGAVSNDRVMLSEKFRSGESEMSKEITRGPRFHQRNSNPESSVVKDEFAFTVCRDQYNLPDFQTKYET
MtDF1C;Mt_DFD1;Mt;DF;D1;ECT6/ECT7;MFNEGAPEFVVDQSMYYPAPTNYGFYCTGFESPGEWEDHHRIFGVDGPDIQYTGAQDESFPYVYYTPNYGFAQSPYNPYNPYIPGAMIGVDGSFGGEQQYYSLPNYQNPISSPTYIPLVQPDNFHHSSVDSLYDNSASVNRLDGRGSKHKFNSASAAFTRNSSKPSSNQTSSFLRVPEGPRANALAKKDSTNGSVPNSGFLNFASSPSHLARSADVSFQSVDTFSNGNVLPHRNQFKVAAPLSNGFSDYGSNANGQSAIAKLRPKVHVAPIDVNRSGVLLGEQNRGPRISRPKHHLPIKAYTAKSGDANTQENIIYTDQYNREDFPID
MtDF3C;Mt_DFD2;Mt;DF;D2;ECT6/ECT7;METHDVSQARHQNAYWVEGADINSQFTSPNFEQSGVMNNEGAPEFVDQSMYYPAATNYGYYCTGFESPGEWEDQYRIFGVDGPDVQYMGGQDESFPLVYYNNYGYAQSPYNPYNPYIPGAAVGVDGSYGGGQSYYTLPNHQNPASPAYDPLVQLDNFPDSSANSVFGASASVSRSDGRGLKQKFNEASGNFSRNSLILSTNQTSSVAMVSEGPRANNGRKQDLTHANVSGSRSLNAASSAVHQDRRTDASVQPVDTISNGNVISHHNQLIVASSRSGFSDFAANANGQSSVAKLRPKALGLGSSDGNVSADVLGDQNRGPRTSRSKHQLSVKAYTTKVGGGNEQDSIIIYTDQYNKEDFPLDYDN
PpDF1A;Ppe_DFA;Ppe;DF;A;ECT2/ECT4;MATVAPPADQAADLLQKLSLDSQTKTLEIPEPTKKPSVNQYGSIDSGNAANGQIQSERSVTPLLPDFMDPSLCYLPNAYPSAYYYGGYDGTGNEWDDYSRYVNPEGVEMTSGVYGDNGSLLYHHGYGYAPYGPYSPAGSPVPTMGNDGQLYGPQHYQYPPYFQPLTPTSGPYTPSPAAPQSEVSTSVGADHKPLPVETVNGISNGIANGGSVKGNNVSAPLSTYQNSSFNSNGSYGRGALPGRVPTPGYQDPRYGFDGLRSPLPWLDAPLFSDGQPRPVTSTTITSSISNGNNIPSARNQNYRPNSHFMGLHHPRPLSGMGTAQGFINRMYPNKLYGQYGNTVRSGMGFGSHGYDSRTSGRAWLAVDSKYKPRGRNGGYYGYGNENMDGLNELNRGPRAKSSKNQKGFVPNALVIKGQVPTNLNNDEEKDKTSVPDREQYNKADFPEDYTD
PpDF1B;Ppe_DFB1;Ppe;DF;B1;ECT5;MAANQPQAPDHISDSTKSLSILIMDAEEKPAEPDNMKEQPHVAKIERSVSPNPSPDAATIGHPRDAAGQSGPFGSGGDHTVIPPNVYAPQAQTFYYRGYENGTGEWDEYPPYLNTEGLEISSPGVYNENPSLVFHSGYGYNPQMPYGPYSPVTTPMPSVGGDAQLYSPQQFPFSGPPYYQQLGPHSMPYITSPTTVSQPELTTLVSIDQQGDNMLFGPRPGYHPPVGSFGRGNFPGNPGSHGFHDLQQGFDGLRSGGLWSDWSKPSDRHRSLTPLSPSVSPQPLGPLGSFGQNVGMASQQQRSLYGFGSGSNSYNRGYIPSGFNQASSLGNASFSSFGANSRGFLSLENSKRHVRGSGPICSCNAPLDILCEQNRGPRASKPKSQIMADSSVENTKHNTTATKVHDESYNKPDFVTEYND
PpDF2B;Ppe_DFB2;Ppe;DF;B2;ECT10;MDKHQDDQDRIVSTGERPVKSDMVKDQPVSSEDERIVSVNPSPAAVITGPSSDATEQPKSSDVGGERSTPHPLNLYASQEQSISYGYGSNTGTWDGYSQYLNADGMHVVSPVIYNDNPSLLFHSGYGFNPEIAYGQYSPVATPLPSVMVDGQLYSTQQVPFSPSYYPQPSPPSMSHISSAIPVSPTELMTSESNRTDNMAFGPGSGYLVNFRSFSGGDPSGHLGSSALASPAIYPPPMGILGSYEHSVGQISHQQGPAHGFGLISSSYTGRYPHGSSYQSSNFGDASLSYSFGNDRNRLTVDKSRRRERDWDSICVFNSSHDGFNDRNRGPRASKLKGKNASDQSSYSAKKMGLSASGINLDSFNRLDFVTDYED
PpDF2C;Ppe_DFC1;Ppe;DF;C1;ECT8;MAAPQFQHPHHNSIKQEEEKETNLHVQSTEFFHSNRALSKDGSPSDTASCISTVGDTTASVKKGDADADADYESVTSYPTTAYYGYTYPGYDMENQGYYVGGSGMEMQYPVMQADNGSFVYLMPGFQPGYDPYTPYMPITTVGSDGQYVSQQMYPPLSPMYQAPISPGYNPSLLPYGELVPSPYLWDPSLVGDGTFGNAYNGVLETPPSKPSFSSPSHNRAPLFKSPKPLDVQSGFGARNQPKPVNKASVRAPSIQSEALAKGYFSVAKVPVYNQGTGGLLYPNNSPTLKANAKGWGGSEKLKPRSKANGVRDISLFNEKNHGPRTTNPKGALLSGAEKENGKCDSIASAIRKDQYNLPDFPTKYEQ
PpDF3C;Ppe_DFC2;Ppe;DF;C2;ECT11;MAGEKKIEKGEPISTVLTADSVTGLSQQEVVSGKDGIPSDPIPSMSSLLDSNSSIKGETDQDSVGEHGVYYQPTSCYNYYYPAGYNGSFTQMDDHGYLHANNQHTGVQSDNGSMVYYLPGYNPYAPGTLMGIDGQGVGQQQYFPSSGYMQPPVSYGSEAAPCYSWDTTFVGDVSTAANSGFGNVKVGPGSAALSKSGGFISTKTNGNLHSRFSKSLPHTQPFKSLNKVSHLGNDFSAGLLKGYNPAGRFSSFANQKYGLFPPNGHMNYKSNARILNGNDRFKSRENYNRNEDFESSTELTRGPRSRNKSAPLDSAIEKEELSFTVHRDQYNLPDFQTDYEK
PpDF1C;Ppe_DFD;Ppe;DF;D;ECT6/ECT7;MEMYNVPEHANDEVYMIQGMEQNLHFTTPFEQVEAMYNEGAPEYVVDQGLYYPAATNYGYYCTGFESPGEWEDHRRIFGVDGPDIQYTGAQNESLPFVYYTPSYGYAQSPYNPYNPYIPGAMIGVDGQQYCTIPPYQNSVSSPAYIPHVVQPDVVPNSSPDSLFDNGTSINRPDGRGVKYNLNSASGGFPNTPKSSANQMSPLTKVSEGSRGNGPSKHAVTHGSVVSGRFSTPASSHVHQVRSASGSISPVDNLPNGKVLPNHNQLKVEIPVGNGLSNFGSIAQGRGAVGKLRPKFNVGRALNDVHGGLEALGEQNCGPRINRLKNQIAVKAYTTKAGDCNAQGNIIIRTDQYNKDELPVDYVD
PtDF1A;Pt_DFA1;Pt;DF;A1;ECT2/ECT4;MATLSSSADQTSDLLQKLSLDSQTKTLEMPEPTSKIQPSDRSVTPVLSNFMDPTVCYLPNGYQSYYYGGYNGAGEWDDYSKYLNPEGVDMVSGVYGDNGSAMYPHGYWYGPYSPYSPAASPVPTMGNDGQLYGPQHYQYPPPYFQPLTPSGEPFTPSHVAPSQGDLSISTATDQKPLPVETAKENSNGIANGVDVKGSNGAVPYKPKYQNSYGRGGFTKGLPASGYKDLKSRFDRLQPDSPLLDTSVLSSGLYKNTEISSSFSKAGNAPSSRNQNFHQNSHFMGWQHPALAPGVGSTHGYMNRMYPNKFYGQYGNGFKSGMGFGSGGYNAGINGHGWLAIDSKYKPKGRGNGYFGYHNDSIDGLNELNRGPRAKGYFKNQKGFVPATVAVKGQSVPSSDTNVEEKDKTTVVPDREQYNKADFPEEYDN
PtDF2A;Pt_DFA2;Pt;DF;A2;ECT2/ECT4;MATLSSSAEQTSDLLQKLSIDSQTKTLDMPEPTNKIQPSDRSVTPVLSNFMDPTVCYLPNGYPSYYYGGYNGTGEWDDYSKYLNTEGVDMTSGNGSAMYPHGYWYGPYGPYSPAASPVPTMGNDGQLYGPQHYQYPTPYFQPLTPTSEPFIPSHVAPSQGDLSITTAADQKSLPVETGKENSNGIANGGDVKGANGAVPYKPKYQNSYGRGSYTKGIPASGYKDLRSCFDRLQPDIPLLDSSVLSDGLYRNTDISSSFSKASNAPSSRNQNFHQNSHFMGWQHPGLASGMGSTHGYMNRMYSNKLYGQYGNGFKSGVGFGSGGYNAGINGQGWLPIDSKYKPKGQGNGYFGFRNENIDGLNELNRGPRAKGYFKNQKGFVPSTVAVKGQSVPSSDANAEEKDKTTEVPDREQYNKADFPVEYVD
PtDF3A;Pt_DFA3;Pt;DF;A3;ECT1/ECT3;MAAVPSATDKAAGLLENLSLDSQTKTAGNPAPATKDFYGDNGNFIYNQGYGYAPFGTYLPPNSPIPTMGYDGQLYGAQQQYQYPGSFYQPSTSAGLFYPSNQPNHSQGHVASSGTADKVPFSAGTATRNSNNKVNAGSVNRSNGPAAGAGFSSTLNTHPTRPISGMDQASGYMNLMNPNNRMYGQYGNRMYGQYGSRAGADFGSYAYNSWTNGRGWVVVDNKYKSRGHGYGNENRDGLNELNRGPRAKSFRNHKEFGAVTQTAEGQNLPLSESNRDENLLQIPDREQYNKEDFPEEYSD
PtDF1B;Pt_DFB1;Pt;DF;B1;ECT5;MAATQSLSQPDPDRPSEEKPAESDNMEERTLSAKNETSVSPNSSQDTAPLGHPRDNTGQSEAFGSPGDRAVYPPNIYAPQAQAFYYRGYDNATGEWDEYPPYINAEGLEIGSPGVYNDNPSLVFHAGYGYSPQMPYGPYSPVTTPLPSVGGDAHLYSPQQFPFSGPPYYQHLGPPNMSYITSPSPISQPEFNTLANIDQQGDNMLFGPRPSYPPVGSISGGSFPGKHGFHDLQHGFDGLRSGGLWSAWSKPSDRNRPLSPFSPAVSPQPIGMLGSFGQNVGMASHQQRSFYGLESGSNSYKRAYLQSGYNQGSGFGSASISSLGTNSRGWLSLENSRLRGRSSISLCGCNGSLDILSEQNRGPRASKSKAQNTADHGPSVDDKKHSKPSAKIHDESYNQSDFVTEYKD
PtDF2B;Pt_DFB2;Pt;DF;B2;ECT5;MAANQSPSQPAPDRVPAEEKPAESDNMKEQPLSAKNETSVSPNSSQDTAPSGHPRDTTGQLGAFGSPGDRAVYPPNIYAPQAQAFYYRGYDNVTGEWDEYPPYINAEGLEIGSPGVYNDNPSLVFHAGYGYSPQMPYGPYSPVTTPLPSVGGDAQLYSPQQFPFSGPPYYQHLGPNMSYITSPTPVSQPEFNALANIDQQGDNMLFGPRPSYPPPVGSIGRGSFPGNHGFHDQQQGFDGLRSGGLWSDWSKPSDRNRPLTPFSPSVSPQPIGNFVSFGQNVGMASQQQRSFYGPGSGSNSYNRAYLQSGYNQGSSFGSASISSLGTNNRGWLSLENNRRRGRSNVSLCGCNGSLDILSEQNRGPRALKPKAQNTAEHGPSVENNKHSKPSAKIHDESYNQPDFVIEYKD
PtDF3B;Pt_DFB3;Pt;DF;B3;ECT10;MDDHPSSPDYLSPPPGESLTNRDNSLMEQPLSPKDERIVSVNPSPEAAVIKRPQLSATVAPDLTIVPPPPPPPQLNVYDYSSHDQAMAAYAGYGNNTGIWDGYSQHLNAADGMHLSPIIYNDNQSLMYHSGYGFNPDMGHGQYSPMATPLTPIMLDGQLYSPQQIPFSPVYHPDVPSPGPLGSSEQISFESNSGNSFFGPGSGYLVHYGSFGGGNMSGAPGSDSLTSPSAYPQPMGILGPYEHQVAQGSQQRSLHGYGYGYGYTSSSPVGHYQHGGSFQSSSFAGGSISYAGANDRTRVGLDKGRRRDRDQGSIYSSNDPFGFDRNRGPRASKLKGKNATEQLSSSGNGKGNSASSGIQLDLYNQLDFVTDYKD
PtDF4B;Pt_DFB4;Pt;DF;B4;ECT10;MDENQHRLSPSPGETLTNRHNSTMDQSLSADDERIVSANPPSAESAIIKRPQSSLTAPPPPDLSIVPPPSPQFNVYDYSSHDQAMPPPYAGYGHGTGVWDGYSPHHHLNAADGLHLSSVIYNDNQSLTFHSGYGFNPDMGYGQYSPVATPLTPIVLDGQLYSPQQIPFSPFYNPNMPSSGPLGSSELTSSESNGENSFFGPGSGYMVQYGSFGGGNMPGAPGSGSLTSASAYPQPMGILGPYEHHAAQGYQQRPLHGYGYTSTSSVGHYSHGGSYQSTGFGGGSISYAGANDRTQVGFDKGRRRERDQGSIYSSNDLLGFDRNRGPRASKLKGKHTTEQLSSYGKSEGNSASSGVQLDLYNRPVFVTDYKN
PtDF5B;Pt_DFB5;Pt;DF;B5;ECT9;MDENVVDPSKVAISVGPLRVDASNNASPSRIQSVYRGGYGNMIGRPGTCFPDTNVECLENGSHGIYSDSSSLLFHGHPQMQQRSLGPFMPVLPSISGHGRLYNARELPNSDPRYHQHLVSQNISYVAAQDPFSQTKLPDNIELPGDDNRMGPRPSYLPLPGSLGGGSSFSRHSGGFKFLQQGFEGIESGELWADWSKPSNGKSTLVHFSSQAASPKQIGSVGLSANHCGMVSQRKELFYGLGSHRSPSYKCVPQGLNDRDFGYDVLPSSIFGTNGRNWPTLHEGRQGGRCNDFSCSCTIALDTLSERNRGPRAFKPRSQATENPSVVDNHQKAVADVHSESHNQVDFATDYKD
PtDF3C;Pt_DFC1;Pt;DF;C1;ECT8;MAQQQQQQQQSPHKPIEEMMRNLKVDPSLELSESNTVPSKDGSPSDATSCISSAGDATGSVKEDDVFDHDSLTTDQALPYPAENYYYGYYYPGYDATFGGGSNDQVYYVAGDGTELQYPVMQADNGSLMYFMPGIHHNYSSYGTYVPVSMIGVDGQFVAQSPYSPSSMFQPSIPSPGYIPTPVPYGESLPHLWDPSVFAGHGTLGNYGHSGVLETPRTKPNRSSPSNPRGPVSKKALPSDLSKSLETKTSLPALDVSSGHGMRNQLKLPGKASQHVSPFQSDVLGKGYFPFSKFPSYNPGKGAVLYPNNTIKANARGWGSNEKLKTRSKTNGINDALLNEQNHGPRTTNAKGSVAFGGNAAESLAPGGNGNSNSITSVISRDQYNLPDFPTNYDH
PtDF4C;Pt_DFC2;Pt;DF;C2;ECT8;MAAHSQKQQQQSRKPTEEMTRNLKVDPSLEFSDSNTVPSNDGSPSDATSCISSAGDATGSVKEGGDMDQESMTTDQTFMMYPAGSYYGYYYPGYDATFGGGSNDQLYYAAGDGTELQYTATQADNGSLIYFMPGIHPAYSPYVPVSMIGVDGQFIAQPPYSPTSVFQPSIPSPGYIPNPVPYGEYLPYLWDPSVFAGDGTYGNGYSGILEIPSSKPNMSSPSQARGPPKKALPSDLSKSLETKNSLPTLDVSSGHGMSNQLKSVGKASQHASPFPSDVMGKGYFPFAKFPPYNPGKGAMLYPNSTTKVNARGWGGSEKPKTRSKTNGIDDALPNEQNYGPRTTNAKGSVVCGGNAAGSLAPDGNGNSNSIASVISRDQYNLPDFPTKYNH
PtDF5C;Pt_DFC3;Pt;DF;C3;ECT11;MATETKLEKRLEPNPVVAKPVDNNVVSGKDGIPSDSTPTILSSGSGASDTKVNGSAASTTKKEGDQEPHAAFVPPTSSYNYQYPGYSGSFTPLDDHGYYQADGSHMGMQSDNGSMVYYWPSYPYASGTVVGVEGQSVAQQPYFSSSGYLQHPVSYGLETMPCYSWDSTYVGDVSNGNAGFENGKSGSGSTAFAKSSGFNSVKSNSNVGSKFSKPMYTQPARPMTKVSPLGSDFSAGLYKGYQPMGKFPPFTGQKQGPFPHSGPLNYRQNVRMWNGNYRNKPRDRFNRNGDFENQTELTRGPRASIKNAPLDDSVKNNAPLDSSVKDMLGFAMHKEQYNLPDFEIEYSN
PtDF6C;Pt_DFC4;Pt;DF;C4;ECT11;MATETKLDQRLESSPVVAKPVDNNVGSGIDGLPSDSTPTISASGNGVSDTKVNGSAVSITKREADQEPNAASSYSYQYPGYSGSSTQLDDQVYYQADGSQTGMQSDNGSMVYYWPSYPYASGTVVGVDGQSVAQQPYFSSSGYLQHPVSYGLEAMPCYSWDSAYVGDVSNGNAVFENGKGGSGSTAFAQSNGFNSTKSNGNIGSKISKPMYTQLVRPMTKVSPSGSDFSAGLFKGYQPMGKFPPFTSQKPGPFPHNGPLNYRQNGRMWTGNYRNISRDRFNKNYDFENQTELTRGPRASNKNAPLDLLVNKNASLDSSVKDELGIAMRKEQYNLPDFETEYAN
PtDF1C;Pt_DFD1;Pt;DF;D1;ECT6/ECT7;MLQIPVASLSKFQNGEISRGGSLGMDIYNVSGHENAETYLIQGAEINPILTSPVVEQVETMYNEGTPEFVAGQGLFYPAATNYGYYCTGFETPVEWEDHQKIFGVDGPEIQYAGAQTESLPYVYYTPSYGHAQSPYNPYNPYIPGAMVGIDGSYAGAQQYYTISPYQDPVSSPGYISVAVQPEVFPYGLAGPLVDNGIERSSRPDGRSLKHGGSSSSAAFARNIPRPASNQTNSLYRISEGPKANVGPSKQPMTHGGVSSGSILTQTSSHVLQGRSASGPMHPSDKISNGKVQSHQNQLETSLPVNNGFSNFGSSAYGRTSVDKLRSKTHDGRTLSDLNGNAELLGEQNRGPRTNKSKNQLAVKAYTAKVGDNNGLGNIVIQTDQYNKDDFSTDYLD
PtDF2C;Pt_DFD2;Pt;DF;D2;ECT6/ECT7;MVMNNVSGHENAETYSIQGAEVNPILTSPAVELVETMYNEGTPGFVADQGLFYPAATEYGYYCTGFETPVEWEDHQKIFGADGPEIQYAGAQTEYLPYVYYPPSYVYAQSPYNPYNPYIPGAMLGVDGPYAGEQQYYTVPPYQDPVSSSGYIPVVVQPEAFQNGSADPLLDTSIARNSRPDGKSYKHGISSSSAAFAWNPPRPASNQTNSLNRISEWPKANVGPVKQSHGGVSSGSILTQASSHVLQGRSASGPMHPIDNISNSKVRSHQNQLKVTLPVSNDFSNFGSSAYGRTSVDKLRSKFHAGRTLSALNGNVELLGEQNRGPRINNLKNQPAVKAYTTKVRDNNELGNIVIQTDQYNKDDFSTDYAD
SlDF1A;Sl_DFA;Sl;DF;A;ECT2/ECT4;MAAGAPPADQAADLLQNLSLDSRNKTLEIADTKKKPSGNPTDGANGQLQSADRSVTPVLPEFMDPNLCYVPNSYASTAYYYGYDASANEWEDYARYTNPDGVEMPGVYGDNSSLIYHHAYGYAPYSPYSPATSPVPTVGHDGQLYGSQQYHYPYFQPLPLTSTSNTSSAALPKGEIATSAAAADQTSLSVDSAKGNSNVIVNGGVKGNTGHMPVRPAFQNSSLNANGSYGPGTLPGGAASGYQDPRLGFDGVRSPIPWIDGSMFTDGQARPVVNNSFTPSFSNGYAAPSTKNQNVHPHVMGMHHPRSSSSVNTTNGYMNRMYPNKYYGQFGNSFNSGMGFGPNRYDTRATGRGGWMTVDNRSKPRGRGNSFYGYGNENMDGLNELNRGPRGKGSKNQKSSTPVALAVKGQNIPLAVTKDAEEDKPSLMPDREQYNHPDFPVTYAD
SlDF1B;Sl_DFB;Sl;DF;B;ECT10;MEDTNQQSIDPFTSVSSSGERVEEPHNVAEQPISPKDERIGSANASPDGAIPGASRNVQDHPVTSEAGAIPTFYPLNSYSPQDPGLYYGGYDNGTGSWVEQSNDGNVNNLHVAPPGMFNENPLFFPPGYGFDPQMAFGQFSPIASPLSPFMIDGQLYSHQIPVSPPYYAPPVSPGLPHVTSALPASQPDLVAPGSTGHEIDGTHFGPGSGYYIPVGPFGGGELSGSSNMGFYNYQGEVGSGQSLPNLANPVDSGRYISQMTSARLYPPPVGILGSYEQNAMQASHQGLGFTPGSLSRKYSQHSLYPSANYGSGSSSLWEPGHRNWLTPDRGGRRERDRHSVNISTESLGMASERNRGPRALKPKSKASIEDSSSSVICREVELTSILQPGQYNRPEFVTDYEH
SlDF2C;Sl_DFC;Sl;DF;C;ECT11;MAGEKIIEKPEAVAPGLKSDPSNKLIEKDLVSKKDGKAADSVASLGAVTSIKCENDQPPAAEQGYNGTYNQLDEQAYFNAGVQSDNGSLLYYMPGYNPYSAGFVGGDGKQPYPSSGYLQQPVSYGSDSMPCYTWGSPYCADITNSAAPKSGNVKSTFGRNGSVKSNGFNSTKTNSSFSSKNSTVLFNPKSRPATAMSNPPKSFHQAQPFNPVNKFQSDVQSGGLMKGFHLVGDYPSYTSQNQGFFMPYDPINCQTNSRMWNGNYRAKPRGNFTRNGVFEATNELPRGPRANGRSVPSKPSAEEDQLVPAVQREKYNKEDFKTQYDN
SlDF1C;Sl_DFD;Sl;DF;D;ECT6/ECT7;MYNEGAPEFVVDQGLYYPPATNYGYFCTGLESPGDWDGHQGFFGLDGQDIQYMDAQTESFPYVYYTPNYGCAQSSYNPYNPYIPGAVVGADGPCAGPQHYYTIPPYENLGSSSYFPMAVPSTSSIPENAADPIMDSVISSTNRADDLRLKRNLSPTSPIFTPTSLGPASGYKSASNRGSESAKINAASGKQHVSHGFSSPSSQVHPGTVAQAIGSIIHGKVLSNHGQLRAPLPPEIDLSNHRSGAHDQANTDKIRTKFLNGTIPSDGKVSPDMLMEQNRGPRIDKMKKQLLVKAYSTRAGNVDVQGNIVIHADEYNRGDFLMDFVN
TcDF1A;Tc_DFA1;Tc;DF;A1;ECT2/ECT4;MAATVAPPADRRLGLVIGCEFDRWDYSQIAKICISFTLCFLIETAELLQKLSLDSQAKPLDIPEPTKKPSVYQYESVDSGNAGNTQIPSFERCATPLLPDFMDPTMCYLPNGYPSAYYYGGFEGTGNDWDEYSRYVNPDGVDMTSGVYGDNGSLMYHHGYGYAPYGPYSPAGSPVPTVGNDGQLYGPQHYQYPPYFQPLTPSNGPFTPNPAAPSQGELSTSAAADQKPLPVETANTNSNGVAGGASLKGNNGSAAIKPSYPSSFNSNNSYGRGAMPGGIPASGYQDPRFGFDGFRSPIPWLDGSMFSDGQHRPVTSTGINSSFSKANNIPSLRNQNYRSNSHYVGLHHPGPMSGMGTAHGFINRMYPNKLYGQYGNTFRSGLGFGSNGYDLRANGRGWLAADNKYKPRGRGNGYFGSGNDNMDGLNELNRGPRAKGPKNQKGATPIATAVKGQNVPSDGTNREEKEKACVVPDRERYNREEFPVDYTD
TcDF2A;Tc_DFA2;Tc;DF;A2;ECT1/ECT3;MATSDRILANFTPLEVADSLENLSLDSQAKTTKVPEPFKKDFYGDNGSYMYQQTYGYMPYGAYSVPSSPLPAMGHDGQLHALQEYHYPSPYYQPPMQTSQASASQVEVSTSGVAEQASLSIDTNKGNSSTIASGGGLSGNNGSGSLKPTFKSSSLNPNASYKRGGLPTGNLSQGYQDPRFSYDGIQSTVPWLDMSMSSNGQSKHAANSGFSSYTNNLSSGRNQNVHPFPHVVNLHNARPSSGVAQAYGYMNHMYPNNMAYSHYGSTIRGGSGYGSYSYDSWKKGLGWYTVGNNNKSRGRGYGKENMDGLSELNKGPRVKGYKSQDDFESATLAVKDQNLPLTESNKENNVTLVPDMEQYNKEDFPESYSD
TcDF1B;Tc_DFB1;Tc;DF;B1;ECT5;MAATPDRTPEEQHADPENVKEQPLSTKNETSVSPNSSQDAAPIGHPRSGASQSVSFGSGGDRNVYSPTIYAPQAQAFYYRGYDNAAGEWDEFAPYVNPEGLELGSSGVYNDNPSLVFHTGYGYNPQMPYGPYSPVTTPLPSIGGDAQLYSPQQFPFSGPQYYQQLVPPSMPYITSPTPVSQPELTTLVNVDQQGDNMLFGPRPSYPTPLGSFGRGSFPGNPGAVGFNDLPQGFDGLRSGGLWSDWSKPSDRQRSLTPISPAVSPQPIGPIGHNVAMASQQQRSFYRLESGMNSYNRGYLQSGLNQGPSFGSASVPSLGANSRGWLSLDSNRRRGRGSGLSLCGCNGALDILSEQNRGPRASKPKNQITAEHNSSIDDNKNNKPSAKIHDESFNRPDFATDYKD
TcDF2B;Tc_DFB2;Tc;DF;B2;ECT9;MTMAHQSSDRLTSADSAEALNVLVLDRNNNLANRNLLTDKDLVTVGPLRDGADQSRFMPSVVDSKTTFLSNAYSTEAQFHLEVLCLQDAADKQGSFLPYLSAEGLESGFHGIYNETASLGFHGFRHSSQMPHRPYVPVSSQLPLVGDPSWLPTTRHFPTSDSSYHQPSVPLNIPNVTSKAQFSHLEFPVNIEQQLDGKRFGLRPNYLPPSGSYGGRSNFLGNSGKHCMQYQGFDGFGAAGFCSDCSKPFIGKSSLFQTSYPAASPKRVGSLEFPSNDIGMASFLKGSFYGFVSSSGSGSISYTGSRSDQSSGCGSVSSSSLGINGQNWPSLDEAREGGNCKDFSCSCTVTLDTLSERNKGPRAFKPKSQITAKGFIVDSSKNGPTNGISNGSYNRQNFVTDYVD
TcDF2C;Tc_DFC;Tc;DF;C;ECT11;MAGEKMTDNPEPVSAVLKSEVVAKLAEQDVPSGKVGMPSDLTSTMSSSTYPSSGVKGESHQDLVGEPGVNQPTSFYNYYYPGYNGSLVQSDDNSYFLANGSHTGMQSENGSLVYYMPGYNPYATGTLMGVDGQCVGQQPYFSSGYFQPPVSYGSEAMPCYIWDSTYAGEVLNGNVDGFGNVNYGSGSAFAKSNGFNSLKSNGLVGTKLPKSTHTQPIKALNKGPHLGSDLSAGSYGYHPAGKSPSFNNQKEGLFQHNGPMNYRLNGRGWNQNDRYKKSNRDFDFQNSAEVTRGPRAWNRVLDSSVKREDLGLTLCKDKYNPLDFQTEYDN
TcDF1C;Tc_DFD;Tc;DF;D;ECT6/ECT7;MYQEGAPEFVIDQGIYYPTTNYGFYCTGFESSVEWEDHQNIFSADGPDVQYAGAQTETLPYVYYTPSYGYAQSPYNPYNPYIPGAVMGDGPFIGAQQYYTLPPYQNPVSPSAYVPVVIQPDGIPNSSTDSLLDTRASIANRPDGRGVKHNLASASAAFSRNSSKSAPNQTDSLTRVSDGQSKQSAIHGSIPDSSGPASARAHQGRIASGFGNFPGGKLPSHRNQLKADLPVGNAFSDYGSSTPGRGALDKLRPKIHVGRDLNDAYGFPDTLGEQNRGPRTNRLKNQLMVRAYTTKAGNSDTEGNIIIYTDQYNKDDFPIDYVD
VvDF1A;Vv_DFA1;Vv;DF;A1;ECT2/ECT4;MAAVAPPADPAELLQKLSLDSQTKTLEIPEPTKKPSGNQFGAVDGGDAANGQNQSCERSVTPLLQEFMDPSVCYVPNGYSSYYYGGYDGTTNEWEDYSRYMNPEGVEMPAGVYGDNGSLMYHHGYGYAPYGPYPPAGSPVPTVGHDGQLYGPQHYQYPAPYFQPPTPTSGPYNPSPGAPPPGEVTTSVAADQKPLSVETANGNSNGIASGGAMKGNNGSAPVKPTYQNSPFNSNGSYGRGALPGGVPASGYQDPRFAFDGLRSPLPWLDGPVFSDPRPVTSTSITSSISNANNVTASRNLRPHSHFMGLQHPRPMSGMGTAHGFMNRMYPNKLYGQYGNTVRSGLGFGSNAYDSRTNGRSWLAVDNKYKPRGRGIGFFGYGNENMDGLNELNRGPRAKSSKNQKGLAPVTAKGQNVQSNGSNDEEKDRTSVFPDRDQYNHADFPVEHTE
VvDF2A;Vv_DFA2;Vv;DF;A2;ECT1/ECT3;MATVAPPSDQAADLLQKLSLDPQAKSLEVSEQAKKFVSVDSGDLANGLGKPFERSATHLHQDFVDPNMCYLPNGYPSTYYFAPGYDGQMNEWGDGVEMPPGVYGDIYHHGFGYPYGTYPPPGSPVPTMGHDGQLYGPQHYQYPTPYYQPQAPNGGPYAPSQVTAPQGDVSTSVAPDQVPLSVEAAKGNTNNLVNGGNVNGNNGPKALRPSHQNSSLSSNGSYGRASLPTGVPSSGYQDPRFGFDGTRSLIPSADMFSEGQSKHVASVGFSSPVSHANNFPSGRNQNFRPIPQLMHARAASGLGQASGFMSRMYPNNRMYDQYGNAFRTGSGFGSNGYDSRTSGRGWLTVDSRYRNKSRANSVLGYGNENMDGLNELNRGPRAKGFKNQKGFGPVTLAVRGQNLQLNGNNSNSDGNLTLVPDKEQYNSEDFPENYSD
VvDF1B;Vv_DFB1;Vv;DF;B1;ECT5;MDERPVTLDPILTGDGDDGTTDAHSTHRNNHEEKAVESDNMKEQPPTARKERSDSSNSPQDAASIPHPRDAVAGGDRTVYSPSVYAPQAQAFYYGGYDNAAGEWDEYPPYINAEGLEIGSPGIYNENPSLVFHAGYGYSPQMPYGPYSPVTTPLPSVGGDAQLYSPQQFPFSGPPYYQQLVPPSMPYITSPTPVSQPELTSLVTVDQQGEGMLFGPRPGYPPPLGSFGRGNFPGNPGTLGFHDLQQGFDGFRSGGLWSDWPKSSDRQRSLTPLSPAVSPQPIGTLGSFGQNIGMASQQQRSFYGFGSSSNSYNRGYLQAGFNQGSSFGSAPISSLGMNGRAWLSLDSSRRRGRGSGSLCSCNGTLDILSEQNRGPRASKPKSQITAEHGSSIDNNKHSTSTAKTNDGLYNQLSFVTEYKD
VvDF2B;Vv_DFB2;Vv;DF;B2;ECT9;MAATQQGPDRLIPTGFDNVTGKWNEYSSYVNAEGLEIRSSGMYNENPSVVFDGNGYNPQMPYGPYPETTQLASARGDGKLHAAQQFSISDPLSYQQPIAPNIPYVTSSTPVSQTELPSEIGKQGDCKPFGLNLGYPPSLGSFGSRSNFSENSDGLGFMSDGSDVFGFGSLWSDCSIPLKERSKLSSPAASQQPVGSLNMSRTDFGMASQQHGSLSRFGSQSSLNYRGYSSSGINQSSSFRNTSISTTSAMNGWNWLPYDKAKSGGNSDTSFGCTGTIDTLIEQNRGPRASKPKNRTTANESFVNNSKNGTCTGVHRESYNRLDFVTEYKD
VvDF3B;Vv_DFB3;Vv;DF;B3;ECT10;MAENAQQERGRSASTGERPVEPANLREQPNLLEDERVPRVVADQPISFDAIGDFNAGYPQDAYASINRPFYYGGYDNSTSYWDGYPHYVNADSMQVFPPVIYNDNPSLVFSSGYGFNPQMAYGQYTNVATPLPSLMVDRQLYSPHQNPFSQPYYPQSIPSVPNISSAVSVPQTELMAPESSVQEGFSGNMRSSQGSSYVIQFGSFGRGGLSQNSAYGPGSSNFQGEFVPPNFLPNQSNLPEADVSLSSVTSQAAHPQPVGILGSYELNVRQRAAHGLGLVPSSSNIFYPDGGLYESTNFGGASVSPLGANDRNRLILDKGKIRERDRSSGVFSTDSSNFSSDRNRGPRASKPKGQSTSGQGVSSSSRKSDASNSVVHFDSYNQPDFVTDYEN
VvDF2C;Vv_DFC1;Vv;DF;C1;ECT8;MASQFHPHNHALEEMIRNLKVDPCSQLGGPPKEGSPSDATSSGEATGSVKESEVDQESLTTEPPPVMPPHTPSYYGYYYPGFDGSFAELDDQGLPLEIQYPVMQADNGSLLYFTPGFQPGYSLYSPVVPVATIGVDGQYAGQHPYPPSTVFAPAIASPGYIPTPLPYGSELLPSSYLWDPSFLVGDGAYGSGYIGVPDIADSKQNLSSPSHPRNPPSKSFSLSEFNSPLEVKGSSPSSVHGMRSQFKSANKASQYGSPFQPDDALGKDYFPIAKLQSYNQGKGGLLYPNSPVNLKANSRGWVSTEKLKMRSKANAISDFGVLEQNHGPRTASAKGALVSGGNDAGSLSADGNGKNNCIASLIRRDQYNLPDFPTKYDH
VvDF3C;Vv_DFC2;Vv;DF;C2;ECT11;MMISLIKATAHIHSHKGRNQLQPSDPTLASHFLVSPTFNKYTHHSLLSPSLLLNRKTASSTQKRFSSPTGGSVGSLHSESAGSEWLLWVIEEKIEFLRSEMAAEKTFETSEQVTMGLKSDTFTKLTKQDVVSGKDGIPSDSTSSLTSSGDATASVKGYNGALNQSDDHGYYNADGSYTGVQSDNGMVYYLPGYNPYASGTLMGVDGQCVSQPPYFSSGYLQQPVPYGTEAVPCYSWDSTYVGDAANGTNANFGNIKSGSRPTASAKANNFPSMKANGTVANKYSLPFDSKSHQSAAPSNFSKSIFQSQPLKPLNKASHLGSDFPAGFAKGFNPVSKFSSFTNQKQGFFPHNGVMNYRPNSRAWNGNEKYKLREKSNRNGHFESSTELTCGPRARNRNAPLNSATEKEELGLMVRRDQYNLQDFQTEYEN
VvDF1C;Vv_DFD;Vv;DF;D;ECT6/ECT7;MEMYVSENGNAETYLIQGTESNPLLTTQLVEQIQAMYNEGTPEFVVDQNLYYPTATNYGYYCTGFESPGEWDDHHRIFGLDGPDIQYSGAQTDSLPYVYYTPSYGYAQSPYNPYNPYIPGAMIGVDAPFVGTQQYYTMPPYQNPVSSPAYIPIVVQSRPDIIPNSSPDPLLDTGLAAANRPDGRGRKHNLSSASAAFTMPSQRPASNQTHSFTRVSDVPRAIAGSSKQPVTHGSVTSGSFPGPASSHALQGRSTPDSIQAMDNVPHGRVLPHHNQLKLAIPSGNGMSDFGSNAQLRAPMDKFRPKFNYGRAQNDANGSQDGLSEQNRGPRINRSENQLAVKAYTTKAGDTNAQGNIIIYTDQYNKDDFPVDYVD